school_type, school_no, school_status, longitude, latitude
"Secondary",7603,"O",145.364,-38.0311
"Primary",1,"O",146.667,-38.6177
"Primary",3,"O",142.59,-38.3863
"Primary",4,"O",143.476,-37.0845
"Primary",8,"O",145.235,-36.9014
"Primary",12,"O",145.214,-37.7427
"Primary",26,"O",144.342,-38.1707
"Primary",28,"O",144.443,-37.673
"Primary",33,"O",143.854,-37.564
"Primary",37,"O",146.89,-36.1292
"Primary",40,"O",145.354,-38.0442
"Primary",60,"O",143.382,-37.4385
"Primary",84,"O",145.055,-37.9686
"Primary",105,"O",142.651,-38.3479
"Primary",113,"O",144.878,-37.8384
"Primary",116,"O",142.04,-37.5309
"Primary",117,"O",143.598,-38.3372
"Primary",119,"O",144.222,-37.0666
"Primary",120,"O",144.205,-37.0929
"Primary",122,"O",143.892,-37.4241
"Primary",123,"O",144.25,-36.7332
"Primary",128,"O",145.27,-37.6023
"Primary",182,"O",142.467,-38.3663
"Primary",184,"O",144.96,-38.3396
"Primary",197,"O",145.13,-37.7868
"Primary",208,"O",144.747,-36.1282
"Primary",209,"O",145.148,-37.725
"Primary",210,"O",144.255,-36.7206
"Primary",220,"O",144.333,-37.105
"Primary",244,"O",145.258,-38.0016
"Primary",250,"O",144.934,-37.7814
"Primary",253,"O",144.893,-37.7984
"Primary",262,"O",144.588,-37.4909
"Primary",264,"O",144.165,-37.152
"Primary",267,"O",145.009,-37.9476
"Primary",275,"O",146.983,-36.7689
"Primary",283,"O",144.348,-38.1972
"Primary",293,"O",145.018,-37.8201
"Primary",294,"O",145.068,-37.7547
"Primary",295,"O",142.021,-37.7449
"Primary",300,"O",144.707,-36.924
"Primary",304,"O",144.317,-38.1722
"Primary",306,"O",144.334,-36.6625
"Primary",319,"O",144.263,-38.3336
"Primary",327,"O",146.607,-36.1471
"Primary",343,"O",144.451,-37.2491
"Primary",366,"O",144.745,-37.3542
"Primary",379,"O",143.982,-38.014
"Primary",385,"O",144.157,-36.8417
"Primary",400,"O",144.136,-36.7355
"Primary",415,"O",144.584,-37.4048
"Primary",427,"O",143.868,-37.6044
"Primary",430,"O",144.586,-37.6811
"Primary",450,"O",144.982,-37.7996
"Primary",452,"O",144.067,-37.1059
"Primary",453,"O",143.984,-37.412
"Primary",454,"O",145.152,-37.8598
"Primary",467,"O",144.597,-37.4629
"Primary",482,"O",143.644,-38.194
"Primary",483,"O",144.921,-37.7531
"Primary",484,"O",144.968,-37.7412
"Primary",486,"O",142.291,-37.8792
"Primary",487,"O",144.346,-37.6197
"Primary",488,"O",145.092,-37.5946
"Primary",489,"O",141.599,-38.3473
"Primary",502,"O",142.774,-37.0561
"Primary",522,"O",146.461,-36.0562
"Primary",528,"O",144.68,-37.4612
"Primary",531,"O",143.723,-37.9037
"Primary",541,"O",144.383,-38.1756
"Primary",545,"O",147.074,-38.1083
"Primary",582,"O",143.368,-37.6869
"Primary",583,"O",144.986,-37.8414
"Primary",596,"O",147.085,-37.9673
"Primary",614,"O",144.351,-37.1413
"Primary",618,"O",142.369,-38.2924
"Primary",621,"O",144.409,-37.325
"Primary",631,"O",145.012,-37.6824
"Primary",643,"O",146.329,-36.3553
"Primary",644,"O",146.398,-36.0136
"Primary",647,"O",144.533,-37.3534
"Primary",648,"O",142.484,-38.3168
"Primary",649,"O",144.659,-37.9067
"Primary",652,"O",144.207,-37.0702
"Primary",653,"O",146.731,-36.2905
"Primary",664,"O",144.975,-37.4115
"Primary",688,"O",142.432,-38.1874
"Primary",691,"O",144.088,-37.214
"Primary",693,"O",146.675,-38.5585
"Primary",695,"O",143.839,-37.5571
"Primary",699,"O",145.428,-37.2127
"Primary",707,"O",144.726,-37.2749
"Primary",716,"O",144.478,-37.6138
"Primary",723,"O",143.787,-38.3405
"Primary",734,"O",145.123,-37.912
"Primary",737,"O",146.432,-36.4445
"Primary",744,"O",144.162,-36.8026
"Primary",749,"O",143.552,-36.7899
"Primary",754,"O",147.623,-37.8274
"Primary",755,"O",144.105,-37.5839
"Primary",767,"O",144.133,-37.3097
"Primary",769,"O",144.396,-38.0304
"Primary",770,"O",146.774,-38.1546
"Pri/Sec",776,"O",146.961,-36.7331
"Primary",795,"O",144.698,-36.3546
"Primary",800,"O",142.937,-37.2859
"Primary",814,"O",146.14,-37.3012
"Primary",824,"O",145.007,-37.7479
"Primary",831,"O",147.593,-37.1002
"Primary",843,"O",147.065,-36.8877
"Primary",846,"O",145.089,-38.0056
"Primary",849,"O",145.516,-37.6571
"Pri/Sec",854,"O",142.838,-37.7202
"Primary",856,"O",146.625,-38.057
"Primary",859,"O",143.634,-37.3538
"Primary",860,"O",142.852,-37.1485
"Primary",861,"O",146.977,-37.964
"Primary",862,"O",145.889,-36.4233
"Primary",863,"O",144.011,-37.6767
"Primary",864,"O",143.078,-38.3271
"Primary",866,"O",144.715,-38.172
"Primary",876,"O",145.354,-37.7537
"Primary",877,"O",144.265,-36.7573
"Primary",878,"O",144.894,-37.401
"Primary",880,"O",143.561,-37.6841
"Primary",882,"O",143.874,-37.5209
"Primary",887,"O",147.379,-36.5334
"Primary",888,"O",145.058,-37.8327
"Primary",890,"O",144.886,-37.6403
"Primary",912,"O",145.712,-37.1926
"Primary",919,"O",144.662,-37.732
"Primary",932,"O",144.17,-38.047
"Primary",945,"O",145.146,-37.6063
"Primary",954,"O",143.704,-37.1687
"Primary",956,"O",145.372,-37.6491
"Primary",959,"O",143.25,-37.178
"Primary",981,"O",144.234,-36.7883
"Primary",982,"O",144.896,-37.6757
"Primary",1002,"O",144.728,-37.5977
"Primary",1003,"O",145.152,-37.6718
"Primary",1004,"O",144.62,-37.3478
"Primary",1008,"O",144.501,-36.7862
"Primary",1022,"O",145.194,-37.8377
"Primary",1023,"O",143.828,-36.7713
"Primary",1026,"O",145.082,-37.8139
"Primary",1028,"O",145.227,-37.894
"Primary",1030,"O",143.813,-37.0521
"Primary",1033,"O",145.436,-37.7904
"Primary",1034,"O",145.382,-37.7053
"Primary",1035,"O",141.277,-37.923
"Primary",1051,"O",144.877,-37.5633
"Primary",1052,"O",143.87,-36.5739
"Primary",1054,"O",144.261,-37.0823
"Primary",1070,"O",144.745,-37.4337
"Primary",1072,"O",143.826,-37.6786
"Primary",1075,"O",145.033,-37.8046
"Primary",1076,"O",143.722,-37.5886
"Primary",1079,"O",142.733,-38.3293
"Primary",1081,"O",147.25,-37.4592
"Primary",1090,"O",144.741,-38.3418
"Primary",1091,"O",143.802,-37.555
"Primary",1097,"O",143.946,-36.6031
"Primary",1098,"O",145.189,-38.2995
"Primary",1103,"O",146.836,-36.3121
"Primary",1104,"O",145.157,-36.7876
"Primary",1108,"O",146.785,-37.9821
"Primary",1111,"O",145.039,-37.9424
"Primary",1112,"O",146.085,-37.0555
"Primary",1115,"O",146.725,-36.156
"Primary",1117,"O",147.068,-37.8428
"Primary",1120,"O",147.453,-37.8009
"Primary",1125,"O",145.046,-37.2026
"Primary",1126,"O",145.214,-36.6172
"Primary",1134,"O",145.24,-37.6416
"Primary",1135,"O",143.935,-37.5248
"Primary",1136,"O",142.822,-37.0496
"Primary",1141,"O",147.833,-37.7042
"Primary",1142,"O",143.543,-35.3469
"Primary",1144,"O",146.911,-36.6995
"Primary",1146,"O",144.465,-38.1869
"Primary",1147,"O",144.055,-38.1009
"Primary",1148,"O",145.066,-37.8604
"Primary",1150,"O",143.47,-37.4377
"Primary",1165,"O",144.28,-36.7751
"Primary",1167,"O",143.845,-37.5964
"Primary",1176,"O",146.877,-38.5267
"Primary",1178,"O",142.929,-38.1908
"Primary",1181,"O",144.952,-37.8418
"Primary",1183,"O",144.9,-37.8638
"Primary",1184,"O",144.887,-38.4121
"Primary",1190,"O",144.656,-38.2672
"Primary",1194,"O",141.572,-38.3176
"Primary",1207,"O",143.712,-36.9842
"Primary",1208,"O",141.082,-36.9737
"Primary",1211,"O",144.353,-36.8044
"Primary",1222,"O",145.201,-38.1177
"Primary",1225,"O",144.798,-37.0398
"Primary",1231,"O",147.631,-37.8127
"Primary",1244,"O",145.058,-37.4237
"Primary",1252,"O",144.973,-37.7911
"Primary",1254,"O",144.066,-36.995
"Primary",1259,"O",145.533,-37.7774
"Primary",1263,"O",142.768,-37.3017
"Primary",1270,"O",143.886,-37.6541
"Primary",1273,"O",145.749,-37.512
"Primary",1275,"O",144.49,-37.1712
"Primary",1277,"O",145.028,-37.3603
"Primary",1282,"O",145.241,-38.4563
"Primary",1288,"O",144.218,-37.4054
"Primary",1293,"O",143.339,-37.9546
"Primary",1295,"O",145.115,-37.7262
"Primary",1316,"O",144.249,-36.7621
"Primary",1324,"O",141.614,-38.2816
"Primary",1330,"O",143.111,-36.9007
"Primary",1334,"O",142.391,-36.2579
"Primary",1335,"O",146.383,-36.5932
"Primary",1347,"O",143.468,-36.9421
"Primary",1360,"O",144.989,-37.7923
"Primary",1362,"O",145.304,-37.6539
"Primary",1365,"O",147.174,-36.2148
"Primary",1366,"O",145.431,-36.4527
"Primary",1368,"O",145.092,-38.1955
"Primary",1369,"O",145.369,-38.5238
"Primary",1372,"O",142.03,-36.4534
"Primary",1373,"O",146.587,-36.5054
"Primary",1379,"O",146.257,-37.1028
"Primary",1386,"O",144.135,-37.9691
"Primary",1399,"O",146.361,-36.4416
"Primary",1401,"O",144.997,-37.7718
"Primary",1402,"O",144.951,-37.7986
"Primary",1403,"O",145.22,-37.9879
"Primary",1408,"O",144.387,-37.1873
"Primary",1409,"O",144.892,-37.8559
"Primary",1410,"O",143.921,-35.7317
"Primary",1417,"O",145.872,-38.0871
"Primary",1420,"O",144.078,-37.8427
"Primary",1422,"O",146.449,-36.7065
"Primary",1428,"O",144.237,-36.7068
"Primary",1432,"O",145.36,-36.3914
"Primary",1434,"O",144.787,-37.7576
"Primary",1435,"O",144.231,-37.6017
"Primary",1436,"O",143.858,-37.5779
"Primary",1441,"O",145.23,-36.445
"Primary",1455,"O",145.344,-36.4905
"Primary",1458,"O",145.142,-36.4699
"Primary",1463,"O",146.893,-36.3172
"Primary",1464,"O",145.124,-38.1476
"Primary",1465,"O",142.985,-36.3672
"Primary",1476,"O",144.978,-37.4721
"Primary",1479,"O",144.989,-37.8702
"Primary",1484,"O",143.608,-37.792
"Primary",1485,"O",145.702,-37.7558
"Primary",1488,"O",145.101,-37.0968
"Primary",1489,"O",146.676,-36.1013
"Primary",1490,"O",144.984,-37.785
"Primary",1492,"O",144.347,-38.1387
"Primary",1494,"O",145.01,-37.7305
"Primary",1503,"O",145.378,-38.2076
"Primary",1508,"O",145.034,-37.824
"Primary",1515,"O",144.609,-36.4972
"Primary",1527,"O",145.683,-36.3311
"Primary",1542,"O",145.002,-37.9118
"Primary",1548,"O",141.951,-36.7412
"Pri/Sec",1549,"O",142.476,-36.6235
"Primary",1551,"O",144.242,-36.8306
"Primary",1552,"O",143.792,-37.2907
"Primary",1554,"O",142.87,-36.6768
"Primary",1560,"O",146.694,-36.3554
"Primary",1563,"O",145.313,-36.3855
"Primary",1568,"O",144.948,-37.2958
"Primary",1571,"O",142.001,-38.0309
"Primary",1574,"O",144.487,-38.2812
"Primary",1578,"O",144.836,-37.7169
"Primary",1582,"O",143.734,-36.8516
"Primary",1583,"O",146.468,-36.1847
"Primary",1585,"O",145.414,-37.5923
"Primary",1588,"O",144.328,-37.388
"Primary",1591,"O",143.928,-37.5739
"Primary",1592,"O",144.21,-36.7445
"Primary",1595,"O",142.629,-36.6322
"Primary",1598,"O",144.505,-36.6169
"Primary",1601,"O",145.089,-37.8945
"Primary",1602,"O",144.267,-38.1735
"Primary",1604,"O",145.034,-37.856
"Primary",1609,"O",144.142,-37.3451
"Primary",1612,"O",145.298,-36.3291
"Primary",1631,"O",147.865,-37.8211
"Primary",1637,"O",143.399,-37.1841
"Primary",1642,"O",143.886,-38.3999
"Primary",1645,"O",144.572,-38.1692
"Primary",1646,"O",143.258,-36.6102
"Primary",1652,"O",142.734,-38.4668
"Primary",1660,"O",144.563,-37.4187
"Primary",1666,"O",145.202,-37.579
"Primary",1667,"O",144.824,-38.3731
"Primary",1669,"O",145.709,-37.4214
"Primary",1683,"O",143.321,-36.9899
"Primary",1687,"O",143.968,-36.977
"Primary",1694,"O",147.088,-38.1696
"Primary",1697,"O",145.345,-38.001
"Primary",1698,"O",145.123,-38.3763
"Primary",1704,"O",146.461,-36.3289
"Primary",1706,"O",145.572,-36.756
"Pri/Sec",1712,"O",144.114,-36.0474
"Primary",1713,"O",145.479,-36.3999
"Primary",1716,"O",147.748,-37.8158
"Primary",1727,"O",145.389,-36.466
"Primary",1739,"O",143.795,-37.4779
"Primary",1742,"O",146.222,-36.4602
"Primary",1743,"O",142.483,-38.3773
"Primary",1764,"O",145.894,-36.3265
"Primary",1771,"O",145.219,-36.2764
"Primary",1772,"O",147.015,-36.4692
"Primary",1788,"O",144.388,-36.8418
"Primary",1801,"O",145.422,-37.8245
"Primary",1813,"O",143.828,-37.5392
"Primary",1814,"O",145.133,-36.3133
"Primary",1844,"O",144.205,-36.5396
"Primary",1848,"O",144.33,-37.2357
"Primary",1855,"O",145.034,-37.0026
"Primary",1862,"O",143.136,-37.0059
"Primary",1866,"O",145.276,-37.9116
"Primary",1870,"O",146.081,-36.5163
"Primary",1874,"O",145.13,-36.3693
"Primary",1883,"O",147.096,-36.1206
"Primary",1886,"O",144.999,-37.809
"Primary",1887,"O",144.337,-38.1457
"Primary",1896,"O",144.996,-37.8572
"Primary",1901,"O",145.317,-37.9786
"Primary",1905,"O",148.181,-37.4977
"Primary",1910,"O",144.255,-37.9127
"Primary",1911,"O",144.424,-38.1707
"Primary",1912,"O",144.9,-37.8064
"Primary",1913,"O",144.595,-37.3121
"Primary",1915,"O",145.077,-37.6697
"Primary",1916,"O",144.304,-36.7279
"Primary",1918,"O",144.102,-37.6285
"Primary",1924,"O",145.854,-38.1329
"Primary",1938,"O",145.431,-36.1507
"Primary",1943,"O",142.858,-37.4328
"Primary",1951,"O",145.901,-38.0276
"Primary",1954,"O",147.159,-36.0658
"Primary",1960,"O",144.007,-37.5576
"Primary",1961,"O",144.5,-37.965
"Primary",1967,"O",146.699,-38.0137
"Primary",1975,"O",145.095,-37.6529
"Primary",1976,"O",144.278,-36.7558
"Primary",2005,"O",144.857,-37.1172
"Primary",2015,"O",143.984,-38.2445
"Primary",2017,"O",145.938,-38.0993
"Primary",2022,"O",143.857,-37.5512
"Primary",2028,"O",143.584,-38.3614
"Primary",2033,"O",145.043,-38.2218
"Primary",2035,"O",141.995,-37.7265
"Primary",2037,"O",143.786,-37.4292
"Primary",2041,"O",143.891,-37.4088
"Primary",2043,"O",143.87,-37.5498
"Primary",2048,"O",144.996,-37.9221
"Primary",2051,"O",144.219,-37.0578
"Primary",2054,"O",145.133,-37.6409
"Primary",2056,"O",146.077,-36.3389
"Primary",2058,"O",141.405,-37.5866
"Primary",2060,"O",145.206,-36.0575
"Primary",2061,"O",144.345,-38.1551
"Primary",2062,"O",145.099,-37.7039
"Primary",2065,"O",144.055,-38.0292
"Primary",2068,"O",145.289,-38.1116
"Primary",2069,"O",145.685,-36.0774
"Primary",2072,"O",143.175,-37.364
"Primary",2087,"O",144.302,-35.9095
"Primary",2090,"O",145.114,-37.5143
"Primary",2093,"O",143.895,-37.5429
"Primary",2103,"O",143.831,-37.566
"Primary",2104,"O",145.928,-38.1563
"Primary",2105,"O",145.215,-37.6917
"Primary",2114,"O",146.54,-38.2973
"Primary",2118,"O",141.684,-37.6018
"Primary",2122,"O",143.8,-35.6066
"Primary",2129,"O",145.758,-38.2035
"Primary",2134,"O",145.445,-36.0902
"Primary",2136,"O",146.4,-38.2389
"Primary",2142,"O",146.264,-38.1747
"Primary",2143,"O",144.359,-38.1569
"Pri/Sec",2162,"O",143.974,-38.5392
"Primary",2163,"O",145.259,-37.8433
"Primary",2167,"O",142.584,-36.4627
"Primary",2172,"O",145.197,-37.9329
"Primary",2178,"O",146.061,-38.2094
"Primary",2182,"O",146.478,-38.1491
"Primary",2185,"O",146.16,-38.2148
"Primary",2188,"O",145.357,-37.5216
"Primary",2189,"O",145.936,-38.2402
"Primary",2216,"O",147.845,-37.7662
"Primary",2222,"O",146.948,-36.1805
"Primary",2225,"O",145.879,-36.1613
"Primary",2229,"O",145.713,-38.0989
"Primary",2231,"O",144.372,-35.9546
"Primary",2248,"O",145.573,-38.0827
"Primary",2253,"O",146.328,-38.6646
"Primary",2259,"O",145.344,-37.8088
"Primary",2265,"O",144.13,-35.6349
"Primary",2269,"O",145.459,-36.0184
"Primary",2271,"O",143.843,-37.6158
"Primary",2282,"O",147.143,-36.6914
"Primary",2295,"O",146.232,-38.2616
"Primary",2313,"O",145.827,-38.1706
"Primary",2318,"O",147.251,-36.4653
"Primary",2319,"O",146.0,-38.1877
"Primary",2327,"O",145.105,-38.2481
"Primary",2329,"O",145.308,-37.8495
"Primary",2337,"O",147.385,-36.285
"Primary",2343,"O",147.715,-37.9113
"Primary",2367,"O",144.313,-36.7051
"Primary",2374,"O",144.928,-37.7927
"Primary",2382,"O",146.448,-38.2682
"Primary",2383,"O",146.151,-38.4005
"Primary",2419,"O",146.329,-38.3211
"Primary",2432,"O",145.955,-38.0153
"Primary",2436,"O",145.043,-37.7666
"Primary",2443,"O",143.519,-35.8553
"Primary",2455,"O",144.656,-38.1156
"Primary",2457,"O",145.395,-37.9177
"Primary",2460,"O",144.978,-37.8582
"Primary",2471,"O",145.805,-38.0377
"Primary",2479,"O",144.709,-37.6226
"Primary",2505,"O",145.769,-38.1141
"Primary",2506,"O",145.545,-37.9516
"Primary",2518,"O",147.04,-38.1068
"Primary",2520,"O",146.177,-38.0714
"Primary",2541,"O",145.598,-37.8317
"Primary",2544,"O",145.713,-37.3206
"Primary",2560,"O",145.415,-37.9957
"Primary",2563,"O",145.434,-36.2999
"Primary",2571,"O",144.531,-37.0195
"Primary",2586,"O",145.038,-37.8716
"Primary",2599,"O",145.571,-37.7825
"Primary",2605,"O",144.97,-37.8021
"Primary",2608,"O",144.926,-37.7743
"Primary",2617,"O",146.269,-38.3829
"Primary",2627,"O",144.909,-38.3551
"Primary",2629,"O",145.493,-38.1949
"Primary",2634,"O",145.018,-37.8522
"Primary",2655,"O",145.04,-38.257
"Primary",2656,"O",145.179,-38.224
"Primary",2662,"O",142.739,-37.5447
"Primary",2667,"O",144.761,-36.134
"Primary",2672,"O",147.994,-37.876
"Primary",2677,"O",146.318,-36.7382
"Primary",2703,"O",146.648,-38.519
"Primary",2707,"O",145.422,-36.8079
"Primary",2708,"O",143.714,-38.5163
"Primary",2711,"O",145.02,-37.778
"Primary",2712,"O",145.974,-38.1657
"Primary",2724,"O",145.674,-38.0903
"Primary",2730,"O",146.365,-38.3689
"Primary",2742,"O",145.41,-38.0583
"Primary",2743,"O",144.972,-37.7787
"Primary",2744,"O",148.458,-37.7079
"Primary",2776,"O",145.729,-38.6312
"Primary",2778,"O",145.101,-37.8255
"Special",2784,"O",144.95,-37.8306
"Primary",2790,"O",145.479,-35.924
"Primary",2805,"O",142.322,-36.9449
"Primary",2806,"O",147.732,-35.9642
"Primary",2815,"O",144.958,-37.8478
"Primary",2820,"O",145.464,-37.7739
"Primary",2832,"O",144.885,-37.8148
"Primary",2837,"O",144.966,-37.7551
"Primary",2840,"O",146.252,-38.1189
"Primary",2859,"O",142.609,-37.1934
"Primary",2870,"O",144.997,-37.8914
"Primary",2888,"O",146.571,-38.1276
"Primary",2897,"O",145.055,-37.8909
"Primary",2899,"O",145.57,-38.263
"Primary",2900,"O",145.281,-37.7932
"Primary",2901,"O",144.91,-37.7683
"Primary",2904,"O",145.193,-37.8085
"Primary",2912,"O",145.703,-38.3686
"Primary",2915,"O",142.16,-34.1943
"Primary",2923,"O",145.158,-37.8175
"Primary",2930,"O",148.434,-37.7355
"Primary",2932,"O",144.934,-37.8353
"Primary",2948,"O",145.051,-37.8203
"Primary",2950,"O",145.068,-37.9829
"Primary",2955,"O",144.968,-37.7804
"Primary",2956,"O",145.45,-37.7341
"Primary",2959,"O",145.184,-37.7029
"Primary",2961,"O",145.232,-38.203
"Primary",2963,"O",147.434,-37.8269
"Primary",2966,"O",146.179,-38.2885
"Primary",2969,"O",144.796,-37.7388
"Primary",2981,"O",145.959,-38.4789
"Primary",2988,"O",141.984,-36.1413
"Primary",3016,"O",145.01,-37.8451
"Primary",3023,"O",145.181,-38.1993
"Primary",3028,"O",146.084,-38.6948
"Primary",3033,"O",145.372,-38.0486
"Primary",3035,"O",144.757,-37.4895
"Primary",3050,"O",147.852,-37.883
"Primary",3053,"O",145.357,-38.5131
"Primary",3058,"O",142.517,-37.1375
"Primary",3067,"O",145.436,-36.2386
"Primary",3074,"O",145.034,-37.907
"Primary",3077,"O",145.826,-38.4351
"Primary",3080,"O",145.201,-38.3605
"Primary",3081,"O",144.938,-37.7312
"Primary",3098,"O",145.291,-37.3169
"Primary",3100,"O",144.522,-38.264
"Primary",3109,"O",142.418,-35.9449
"Primary",3110,"O",144.987,-37.777
"Primary",3113,"O",144.831,-37.7909
"Primary",3129,"O",145.167,-38.2608
"Primary",3139,"O",145.009,-37.7615
"Primary",3145,"O",147.113,-36.3552
"Primary",3146,"O",145.004,-37.7868
"Primary",3161,"O",145.049,-37.7965
"Primary",3163,"O",142.205,-34.2088
"Primary",3174,"O",142.159,-34.2266
"Primary",3179,"O",144.979,-37.7651
"Primary",3215,"O",147.68,-37.8924
"Primary",3216,"O",145.606,-37.779
"Primary",3222,"O",145.355,-37.8608
"Primary",3228,"O",145.335,-37.8842
"Primary",3237,"O",145.473,-37.5354
"Primary",3241,"O",145.274,-37.7306
"Primary",3255,"O",145.26,-37.4813
"Primary",3261,"O",145.333,-38.3834
"Primary",3265,"O",145.41,-37.8769
"Primary",3278,"O",143.632,-35.4645
"Primary",3279,"O",145.489,-37.606
"Primary",3284,"O",145.362,-37.8307
"Primary",3301,"O",143.179,-35.8527
"Primary",3309,"O",145.533,-37.68
"Primary",3315,"O",145.316,-37.5052
"Primary",3322,"O",144.621,-38.2742
"Primary",3323,"O",145.713,-38.5151
"Primary",3336,"O",145.103,-37.927
"Primary",3341,"O",145.139,-38.0447
"Primary",3345,"O",144.507,-38.2178
"Primary",3356,"O",145.345,-37.907
"Primary",3368,"O",144.312,-38.3218
"Primary",3372,"O",149.169,-37.5163
"Primary",3373,"O",142.668,-35.6814
"Primary",3381,"O",145.442,-37.9334
"Primary",3385,"O",145.126,-38.0781
"Primary",3401,"O",145.675,-38.3362
"Primary",3423,"O",144.559,-37.7453
"Primary",3426,"O",143.266,-35.4762
"Primary",3432,"O",145.124,-37.8809
"Primary",3433,"O",148.535,-37.7963
"Primary",3440,"O",145.407,-37.0901
"Primary",3449,"O",145.07,-37.8862
"Primary",3466,"O",145.647,-37.7687
"Primary",3470,"O",142.085,-34.2781
"Primary",3476,"O",145.247,-37.7743
"Primary",3479,"O",144.888,-37.2594
"Primary",3494,"O",145.366,-37.8547
"Primary",3497,"O",143.395,-38.5639
"Primary",3505,"O",144.284,-36.7934
"Pri/Sec",3515,"O",149.754,-37.5594
"Primary",3531,"O",145.19,-38.1604
"Primary",3535,"O",145.496,-37.9393
"Primary",3544,"O",145.193,-38.2621
"Primary",3551,"O",145.358,-37.9312
"Primary",3559,"O",144.762,-37.7022
"Primary",3572,"O",145.084,-37.8311
"Primary",3581,"O",142.093,-34.2059
"Primary",3584,"O",146.537,-38.1931
"Primary",3585,"O",144.951,-37.7599
"Primary",3590,"O",144.974,-37.7159
"Primary",3599,"O",145.032,-37.7835
"Primary",3612,"O",145.96,-38.2105
"Primary",3613,"O",145.187,-38.0948
"Primary",3618,"O",145.043,-37.6945
"Primary",3620,"O",145.475,-37.8898
"Primary",3631,"O",145.022,-37.9699
"Primary",3642,"O",145.389,-37.7909
"Primary",3645,"O",145.315,-37.8021
"Primary",3650,"O",145.589,-38.6079
"Primary",3659,"O",144.882,-37.8306
"Primary",3664,"O",145.326,-38.1323
"Primary",3675,"O",145.174,-37.9706
"Primary",3680,"O",145.061,-37.8085
"Primary",3684,"O",147.659,-37.7021
"Primary",3686,"O",144.308,-36.7684
"Primary",3689,"O",145.424,-38.1457
"Primary",3696,"O",145.431,-36.3572
"Primary",3702,"O",142.191,-34.2525
"Primary",3703,"O",145.046,-37.8938
"Primary",3708,"O",144.778,-36.313
"Primary",3709,"O",145.217,-37.8561
"Primary",3716,"O",145.6,-38.5988
"Primary",3717,"O",144.574,-37.7084
"Primary",3729,"O",145.123,-38.0555
"Primary",3738,"O",148.093,-37.7266
"Primary",3754,"O",145.003,-37.9334
"Special",3774,"O",144.982,-37.8498
"Primary",3787,"O",144.415,-37.795
"Primary",3790,"O",145.113,-38.0375
"Primary",3805,"O",145.441,-36.4104
"Primary",3806,"O",145.014,-37.7545
"Primary",3819,"O",141.814,-35.1706
"Primary",3820,"O",145.022,-37.8721
"Primary",3835,"O",145.13,-38.1044
"Primary",3841,"O",145.098,-37.8434
"Primary",3859,"O",143.951,-35.5288
"Primary",3885,"O",144.996,-37.7374
"Primary",3889,"O",144.997,-37.7554
"Primary",3890,"O",144.875,-37.7949
"Primary",3892,"O",145.409,-37.7696
"Primary",3897,"O",145.015,-37.9047
"Primary",3899,"O",145.038,-37.9853
"Primary",3907,"O",145.704,-36.3848
"Primary",3916,"O",144.71,-36.1654
"Pri/Sec",3920,"O",149.153,-37.5697
"Primary",3923,"O",144.823,-37.8677
"Primary",3924,"O",145.301,-38.1623
"Primary",3926,"O",145.314,-37.8956
"Primary",3931,"O",145.907,-37.234
"Primary",3933,"O",145.172,-38.3399
"Primary",3936,"O",144.802,-36.5899
"Primary",3937,"O",144.988,-36.4481
"Primary",3939,"O",145.198,-37.6362
"Primary",3941,"O",144.948,-37.7472
"Primary",3942,"O",144.988,-37.8815
"Primary",3943,"O",145.103,-37.8131
"Primary",3944,"O",145.24,-36.5432
"Primary",3947,"O",145.27,-37.5475
"Primary",3956,"O",145.587,-37.7602
"Primary",3960,"O",145.007,-37.7114
"Primary",3967,"O",146.362,-38.1632
"Primary",3968,"O",148.051,-37.8525
"Primary",3971,"O",144.974,-36.3981
"Primary",3976,"O",142.057,-35.7685
"Primary",3982,"O",145.651,-37.8203
"Primary",3983,"O",142.152,-34.1796
"Primary",3987,"O",144.934,-37.7634
"Primary",3988,"O",144.875,-37.8126
"Primary",3993,"O",145.37,-37.8853
"Primary",4015,"O",144.903,-37.7415
"Primary",4025,"O",144.911,-37.7807
"Primary",4041,"O",144.5,-35.9888
"Primary",4055,"O",145.084,-37.8479
"Primary",4057,"O",142.185,-34.3116
"Primary",4060,"O",145.182,-37.6681
"Primary",4062,"O",145.253,-38.0305
"Primary",4064,"O",143.58,-38.3364
"Primary",4087,"O",145.005,-37.8747
"Primary",4098,"O",146.008,-37.8951
"Primary",4112,"O",145.122,-37.7177
"Primary",4117,"O",144.176,-38.2414
"Primary",4120,"O",145.231,-37.7931
"Primary",4123,"O",142.214,-34.3051
"Primary",4139,"O",145.056,-37.8724
"Primary",4143,"O",145.296,-37.8288
"Primary",4158,"O",144.936,-37.7161
"Pri/Sec",4159,"O",144.726,-37.8936
"Primary",4160,"O",144.883,-37.7878
"Primary",4169,"O",147.114,-38.0257
"Primary",4170,"O",145.063,-37.8479
"Primary",4171,"O",145.083,-37.9927
"Primary",4176,"O",145.078,-37.9058
"Primary",4177,"O",145.006,-37.7765
"Primary",4183,"O",145.045,-37.8395
"Primary",4193,"O",145.1,-38.0203
"Primary",4212,"O",145.151,-37.7001
"Primary",4215,"O",142.456,-38.378
"Primary",4217,"O",145.2,-37.9807
"Primary",4219,"O",145.272,-37.7664
"Primary",4220,"O",144.896,-37.7566
"Primary",4224,"O",144.333,-38.1362
"Primary",4226,"O",147.888,-37.8659
"Primary",4257,"O",145.132,-37.9827
"Primary",4263,"O",142.145,-34.288
"Primary",4265,"O",144.82,-37.7779
"Primary",4269,"O",145.462,-36.3581
"Primary",4275,"O",145.867,-38.7026
"Special",4290,"O",145.142,-38.1194
"Primary",4304,"O",144.943,-37.7706
"Primary",4309,"O",144.991,-37.7479
"Primary",4314,"O",145.092,-37.8171
"Primary",4315,"O",145.03,-37.8952
"Primary",4317,"O",145.084,-37.8622
"Primary",4318,"O",145.027,-37.9206
"Primary",4324,"O",147.171,-38.3565
"Primary",4332,"O",144.192,-38.3968
"Primary",4341,"O",145.116,-37.7083
"Primary",4359,"O",145.405,-36.2772
"Primary",4366,"O",145.053,-37.9081
"Primary",4384,"O",145.116,-37.9405
"Primary",4386,"O",145.059,-37.7746
"Primary",4387,"O",147.132,-38.0748
"Primary",4389,"O",142.127,-34.2135
"Primary",4398,"O",144.379,-38.166
"Primary",4399,"O",144.943,-37.7565
"Primary",4401,"O",145.561,-36.2255
"Primary",4407,"O",145.317,-38.0394
"Primary",4416,"O",142.193,-34.2796
"Primary",4429,"O",145.022,-37.9567
"Primary",4440,"O",144.84,-37.8646
"Primary",4458,"O",145.165,-38.3921
"Primary",4530,"O",145.333,-37.9029
"Primary",4543,"O",144.952,-37.736
"Primary",4568,"O",145.063,-37.7354
"Primary",4582,"O",145.237,-37.8725
"Primary",4612,"O",144.917,-37.7356
"Primary",4638,"O",145.077,-37.7964
"Primary",4641,"O",145.073,-37.8732
"Primary",4642,"O",146.304,-36.3541
"Primary",4644,"O",147.172,-36.7395
"Primary",4646,"O",144.985,-37.7301
"Primary",4650,"O",146.293,-38.1886
"Primary",4652,"O",146.524,-38.19
"Primary",4657,"O",145.396,-36.3668
"Primary",4661,"O",144.857,-38.3695
"Primary",4662,"O",146.26,-38.1832
"Primary",4663,"O",144.33,-38.174
"Primary",4665,"O",144.868,-37.8449
"Primary",4666,"O",145.406,-36.3901
"Primary",4669,"O",145.082,-37.8808
"Primary",4670,"O",146.294,-38.179
"Special",4675,"O",145.081,-37.8043
"Special",4679,"O",144.987,-37.764
"Primary",4680,"O",146.417,-38.2333
"Primary",4681,"O",144.332,-38.1295
"Primary",4682,"O",145.145,-38.1463
"Primary",4685,"O",145.367,-37.9114
"Primary",4686,"O",145.022,-37.72
"Primary",4687,"O",145.049,-37.9325
"Primary",4689,"O",145.456,-35.9986
"Primary",4690,"O",143.863,-37.5401
"Primary",4691,"O",146.927,-36.153
"Primary",4692,"O",146.417,-38.2177
"Primary",4694,"O",145.096,-37.8015
"Primary",4695,"O",145.94,-38.1481
"Primary",4697,"O",142.18,-36.7174
"Primary",4699,"O",146.515,-38.1993
"Primary",4700,"O",146.551,-38.2015
"Primary",4702,"O",145.252,-37.8172
"Primary",4704,"O",144.936,-37.7457
"Primary",4709,"O",145.026,-37.6707
"Primary",4711,"O",144.99,-37.7221
"Primary",4712,"O",145.073,-37.9203
"Primary",4715,"O",145.152,-37.8076
"Primary",4716,"O",145.102,-37.9131
"Primary",4717,"O",145.123,-37.8008
"Primary",4718,"O",145.299,-37.8748
"Primary",4720,"O",142.921,-37.2774
"Primary",4721,"O",144.915,-37.7157
"Primary",4723,"O",145.215,-37.9766
"Primary",4725,"O",147.608,-37.8245
"Special",4728,"O",144.279,-36.7378
"Primary",4730,"O",145.18,-37.9544
"Primary",4731,"O",144.948,-37.7213
"Primary",4733,"O",145.079,-37.7819
"Primary",4735,"O",144.342,-38.1794
"Primary",4740,"O",146.247,-38.1897
"Primary",4741,"O",144.811,-37.742
"Primary",4742,"O",145.413,-36.3665
"Primary",4743,"O",143.546,-35.3318
"Primary",4744,"O",144.818,-37.7922
"Primary",4745,"O",144.837,-37.7722
"Primary",4746,"O",145.078,-37.7434
"Primary",4750,"O",141.611,-38.3653
"Primary",4753,"O",145.075,-37.7351
"Primary",4754,"O",145.068,-37.9653
"Primary",4755,"O",145.245,-38.1484
"Primary",4761,"O",146.317,-36.3726
"Special",4762,"O",143.819,-37.5524
"Primary",4764,"O",145.029,-37.7331
"Primary",4767,"O",148.466,-37.6978
"Special",4768,"O",144.338,-38.1142
"Primary",4770,"O",144.933,-37.5826
"Primary",4773,"O",142.5,-38.3896
"Primary",4775,"O",143.572,-38.3436
"Primary",4777,"O",142.034,-37.7479
"Primary",4778,"O",145.057,-37.9146
"Primary",4780,"O",145.127,-38.1605
"Primary",4788,"O",144.875,-37.8205
"Special",4792,"O",144.855,-37.7796
"Primary",4798,"O",145.127,-38.0666
"Primary",4802,"O",145.158,-37.9627
"Primary",4803,"O",145.036,-37.9741
"Primary",4804,"O",144.328,-38.118
"Primary",4807,"O",145.192,-37.9703
"Primary",4808,"O",145.18,-37.8287
"Primary",4809,"O",144.908,-37.705
"Primary",4810,"O",145.212,-37.9985
"Primary",4811,"O",144.801,-37.7317
"Primary",4812,"O",144.862,-37.7662
"Primary",4813,"O",145.159,-37.7969
"Primary",4814,"O",146.877,-36.1224
"Primary",4815,"O",145.147,-38.1623
"Primary",4816,"O",145.135,-37.8036
"Primary",4819,"O",145.258,-37.8303
"Primary",4821,"O",144.916,-37.7249
"Primary",4823,"O",145.095,-37.9234
"Primary",4827,"O",145.025,-37.6805
"Primary",4832,"O",145.112,-37.8892
"Primary",4837,"O",145.07,-37.9347
"Primary",4838,"O",145.087,-37.7064
"Primary",4843,"O",145.088,-37.987
"Primary",4844,"O",145.206,-37.8162
"Primary",4845,"O",145.037,-37.716
"Special",4846,"O",145.041,-37.9021
"Primary",4848,"O",144.8,-37.781
"Primary",4851,"O",145.136,-37.9424
"Primary",4852,"O",144.88,-37.7022
"Primary",4853,"O",147.084,-38.0957
"Primary",4854,"O",145.216,-37.7797
"Primary",4855,"O",144.824,-37.7627
"Primary",4860,"O",145.166,-37.8276
"Primary",4863,"O",145.139,-37.8271
"Primary",4867,"O",144.327,-38.1013
"Special",4871,"O",145.178,-37.8003
"Primary",4873,"O",144.32,-38.1795
"Primary",4874,"O",145.142,-37.8902
"Primary",4875,"O",144.929,-37.6804
"Primary",4876,"O",144.967,-37.6958
"Primary",4877,"O",144.866,-37.7375
"Primary",4879,"O",145.264,-37.7938
"Primary",4881,"O",145.176,-37.8436
"Primary",4885,"O",144.411,-38.0158
"Primary",4886,"O",145.239,-37.7977
"Primary",4887,"O",145.277,-38.1039
"Primary",4892,"O",145.09,-37.7347
"Primary",4893,"O",145.119,-37.6923
"Primary",4894,"O",145.327,-37.9131
"Primary",4895,"O",143.208,-38.4986
"Primary",4896,"O",145.611,-36.1457
"Primary",4897,"O",145.155,-37.7115
"Primary",4902,"O",145.147,-38.1097
"Primary",4903,"O",145.115,-37.8629
"Primary",4905,"O",145.269,-37.8863
"Primary",4906,"O",145.266,-37.8693
"Primary",4908,"O",145.278,-37.8586
"Primary",4910,"O",145.056,-37.9418
"Primary",4911,"O",145.218,-37.8029
"Special",4915,"O",144.921,-37.6994
"Primary",4916,"O",145.296,-37.7989
"Special",4918,"O",145.208,-37.9699
"Primary",4919,"O",144.327,-38.1538
"Primary",4922,"O",145.152,-38.1379
"Primary",4923,"O",145.179,-37.8835
"Primary",4924,"O",145.143,-37.8791
"Primary",4925,"O",145.13,-37.7256
"Special",4928,"O",145.032,-37.939
"Primary",4931,"O",144.849,-37.8369
"Primary",4932,"O",145.163,-37.8467
"Primary",4934,"O",142.771,-37.0658
"Primary",4935,"O",145.101,-37.7153
"Primary",4936,"O",143.836,-37.5233
"Primary",4937,"O",145.325,-37.796
"Primary",4939,"O",145.157,-38.1256
"Primary",4943,"O",145.406,-36.3985
"Primary",4944,"O",145.063,-37.7073
"Primary",4945,"O",144.803,-37.7551
"Primary",4948,"O",144.81,-37.7485
"Primary",4949,"O",143.927,-35.7412
"Special",4950,"O",144.927,-37.6724
"Primary",4955,"O",145.083,-37.98
"Primary",4961,"O",145.174,-37.8005
"Primary",4962,"O",144.336,-38.1061
"Primary",4967,"O",145.296,-37.8446
"Special",4968,"O",145.162,-37.8884
"Primary",4970,"O",146.415,-38.3111
"Primary",4972,"O",144.316,-38.1663
"Primary",4973,"O",145.261,-37.8549
"Primary",4974,"O",145.134,-38.0902
"Primary",4975,"O",146.424,-38.2279
"Primary",4976,"O",145.035,-37.6765
"Special",4979,"O",144.814,-37.756
"Primary",4980,"O",144.97,-37.7956
"Primary",4983,"O",144.339,-38.1881
"Primary",4985,"O",145.109,-37.7606
"Primary",4986,"O",145.174,-37.8664
"Primary",4988,"O",145.081,-37.7005
"Primary",4989,"O",145.217,-37.9603
"Primary",4990,"O",145.251,-37.8836
"Primary",4991,"O",145.113,-37.7933
"Primary",4994,"O",144.744,-36.1414
"Primary",4995,"O",142.94,-37.2747
"Primary",4996,"O",145.121,-38.1744
"Primary",4999,"O",145.001,-37.6787
"Primary",5000,"O",145.238,-37.9232
"Primary",5002,"O",144.696,-37.8729
"Primary",5004,"O",145.119,-37.7672
"Primary",5005,"O",145.158,-38.1475
"Primary",5006,"O",144.713,-37.5748
"Primary",5007,"O",144.887,-37.688
"Primary",5009,"O",145.309,-37.7721
"Primary",5010,"O",145.159,-37.8673
"Primary",5011,"O",145.321,-37.7738
"Primary",5012,"O",145.278,-37.8758
"Primary",5013,"O",145.13,-37.7089
"Primary",5019,"O",145.166,-37.7875
"Primary",5020,"O",145.391,-36.3985
"Primary",5021,"O",147.089,-38.1081
"Special",5025,"O",145.181,-37.8511
"Special",5027,"O",145.075,-37.702
"Primary",5032,"O",144.765,-37.771
"Primary",5034,"O",144.966,-37.6744
"Primary",5035,"O",145.029,-37.6642
"Primary",5036,"O",144.567,-37.6775
"Primary",5037,"O",145.166,-37.6735
"Primary",5038,"O",145.173,-37.9143
"Primary",5039,"O",145.253,-37.8496
"Primary",5040,"O",145.058,-38.226
"Primary",5042,"O",146.894,-36.1396
"Primary",5043,"O",145.162,-38.1166
"Primary",5044,"O",144.996,-37.8136
"Primary",5045,"O",145.233,-37.8364
"Primary",5047,"O",144.781,-37.7359
"Primary",5048,"O",145.369,-37.7796
"Primary",5049,"O",144.692,-37.8837
"Primary",5050,"O",144.815,-37.7993
"Primary",5053,"O",145.166,-38.141
"Primary",5055,"O",145.171,-37.9797
"Primary",5057,"O",145.336,-37.7552
"Primary",5059,"O",145.336,-37.7868
"Primary",5064,"O",144.799,-37.7884
"Primary",5066,"O",145.323,-37.8111
"Primary",5067,"O",147.28,-36.8643
"Primary",5068,"O",144.935,-37.7858
"Primary",5072,"O",145.295,-38.0094
"Primary",5075,"O",145.265,-37.8184
"Primary",5076,"O",144.329,-38.2083
"Special",5079,"O",146.257,-38.1917
"Special",5080,"O",145.163,-38.1472
"Primary",5082,"O",145.263,-37.8834
"Primary",5084,"O",144.775,-37.7561
"Primary",5087,"O",145.214,-37.9442
"Primary",5088,"O",145.346,-36.3801
"Primary",5090,"O",144.572,-37.6948
"Primary",5091,"O",144.644,-37.8941
"Primary",5093,"O",144.898,-37.6896
"Primary",5094,"O",145.178,-37.9002
"Special",5097,"O",145.107,-37.8597
"Primary",5098,"O",144.913,-37.6811
"Special",5099,"O",145.095,-37.7633
"Primary",5101,"O",145.079,-37.9628
"Primary",5104,"O",145.208,-37.7484
"Primary",5105,"O",145.184,-37.9144
"Primary",5106,"O",145.123,-37.983
"Special",5109,"O",144.932,-37.7768
"Primary",5111,"O",145.188,-37.8652
"Primary",5113,"O",145.181,-37.8529
"Primary",5117,"O",146.417,-38.3046
"Primary",5118,"O",144.818,-37.7536
"Primary",5120,"O",145.193,-37.9492
"Primary",5121,"O",145.255,-37.7896
"Primary",5123,"O",144.395,-38.1775
"Primary",5127,"O",145.383,-37.7326
"Primary",5129,"O",145.143,-37.7563
"Primary",5130,"O",145.261,-38.0347
"Primary",5131,"O",145.236,-37.8549
"Primary",5132,"O",145.286,-37.8101
"Primary",5133,"O",144.883,-38.3739
"Primary",5134,"O",144.993,-37.683
"Primary",5135,"O",145.156,-38.1681
"Primary",5136,"O",145.246,-37.9791
"Primary",5139,"O",144.776,-37.7376
"Primary",5140,"O",145.101,-38.1884
"Primary",5141,"O",146.861,-36.1305
"Special",5142,"O",145.097,-38.014
"Special",5143,"O",145.17,-38.1433
"Special",5144,"O",145.041,-37.7563
"Special",5145,"O",144.942,-37.8368
"Special",5147,"O",145.652,-35.9258
"Special",5151,"O",145.166,-37.907
"Primary",5152,"O",144.629,-37.8958
"Special",5153,"O",145.415,-36.3674
"Primary",5157,"O",145.178,-37.8592
"Primary",5160,"O",145.066,-37.6746
"Special",5161,"O",145.112,-37.6867
"Special",5162,"O",144.568,-37.6806
"Special",5164,"O",145.154,-37.9493
"Special",5165,"O",144.688,-37.884
"Primary",5168,"O",145.156,-37.7699
"Primary",5171,"O",145.014,-38.2756
"Primary",5172,"O",144.78,-37.8685
"Primary",5173,"O",145.393,-37.8926
"Special",5175,"O",147.066,-38.1133
"Primary",5176,"O",145.192,-37.9021
"Primary",5179,"O",144.774,-37.7443
"Primary",5180,"O",144.728,-37.5657
"Primary",5182,"O",145.076,-38.1877
"Primary",5184,"O",145.11,-37.6874
"Primary",5185,"O",144.328,-38.2004
"Primary",5186,"O",144.918,-37.6597
"Primary",5189,"O",145.268,-38.1031
"Primary",5190,"O",145.145,-38.0698
"Primary",5191,"O",145.154,-38.105
"Primary",5193,"O",145.339,-37.825
"Primary",5194,"O",145.311,-37.7502
"Primary",5195,"O",145.489,-38.4312
"Primary",5196,"O",145.233,-37.8611
"Primary",5197,"O",144.707,-37.581
"Primary",5200,"O",144.437,-37.6553
"Primary",5201,"O",143.819,-37.5849
"Primary",5202,"O",145.173,-38.2983
"Primary",5205,"O",145.268,-37.968
"Primary",5206,"O",144.554,-37.6756
"Primary",5207,"O",146.301,-36.3416
"Special",5210,"O",145.281,-37.8156
"Primary",5212,"O",145.175,-37.7739
"Primary",5213,"O",145.327,-38.0315
"Special",5214,"O",144.827,-37.7614
"Special",5215,"O",144.774,-37.856
"Special",5218,"O",144.729,-37.596
"Special",5219,"O",145.03,-37.7006
"Special",5221,"O",146.532,-38.2054
"Special",5222,"O",146.855,-36.1231
"Special",5225,"O",145.142,-37.8572
"Special",5226,"O",146.3,-36.3438
"Primary",5227,"O",144.924,-37.6502
"Primary",5228,"O",141.592,-38.3622
"Special",5230,"O",145.01,-38.3418
"Primary",5231,"O",145.248,-37.9697
"Primary",5232,"O",145.276,-38.0874
"Primary",5234,"O",145.23,-37.8823
"Primary",5235,"O",145.265,-37.988
"Primary",5236,"O",144.768,-37.7333
"Special",5238,"O",145.296,-38.0076
"Special",5239,"O",145.057,-38.2261
"Special",5240,"O",145.057,-37.9434
"Primary",5241,"O",145.327,-37.7664
"Primary",5243,"O",144.936,-37.6087
"Primary",5244,"O",145.051,-37.6668
"Primary",5245,"O",147.567,-38.0582
"Special",5246,"O",145.385,-37.775
"Special",5247,"O",143.589,-38.3457
"Primary",5248,"O",144.752,-37.5806
"Special",5251,"O",142.144,-34.1999
"Special",5253,"O",145.062,-37.9267
"Primary",5254,"O",144.711,-37.8711
"Primary",5255,"O",145.271,-37.7773
"Primary",5256,"O",144.586,-37.6702
"Primary",5257,"O",145.202,-38.1509
"Pri/Sec",6223,"O",141.484,-36.7158
"Primary",5258,"O",144.794,-37.7089
"Primary",5260,"O",145.14,-37.6899
"Special",5261,"O",144.952,-37.7329
"Special",5262,"O",144.914,-37.6816
"Special",5267,"O",144.82,-37.8034
"Special",5268,"O",143.545,-35.3492
"Primary",5269,"O",144.999,-37.8296
"Primary",5271,"O",145.007,-37.8146
"Special",5272,"O",142.784,-37.0577
"Special",5273,"O",142.187,-36.7078
"Special",5276,"O",143.065,-38.3236
"Special",5277,"O",142.473,-38.3744
"Special",5278,"O",144.884,-37.8179
"Primary",5280,"O",144.554,-38.1652
"Primary",5281,"O",145.262,-37.9184
"Special",5282,"O",141.591,-38.3625
"Special",5283,"O",142.022,-37.7269
"Special",5284,"O",145.015,-37.6672
"Primary",5285,"O",145.147,-37.8402
"Primary",5286,"O",145.053,-37.6427
"Primary",5287,"O",144.785,-37.8866
"Primary",5288,"O",145.088,-37.789
"Special",5289,"O",145.925,-38.1649
"Special",5290,"O",144.778,-37.8508
"Special",5291,"O",142.387,-36.249
"Primary",5292,"O",145.274,-38.0435
"Primary",5293,"O",145.304,-38.0036
"Primary",5294,"O",145.274,-37.98
"Primary",5295,"O",145.263,-37.9053
"Primary",5297,"O",144.777,-37.7174
"Special",5298,"O",144.24,-36.7959
"Special",5299,"O",144.754,-36.1464
"Primary",5301,"O",145.117,-38.0225
"Primary",5305,"O",145.334,-38.0495
"Primary",5308,"O",145.347,-38.0526
"Special",5309,"O",145.285,-37.8804
"Primary",5312,"O",144.676,-37.8674
"Primary",5313,"O",145.192,-38.1038
"Pri/Sec",5315,"O",144.691,-37.8598
"Primary",5319,"O",145.205,-38.1357
"Primary",5325,"O",145.051,-37.6572
"Primary",5336,"O",144.792,-37.7178
"Primary",5337,"O",144.758,-37.8788
"Primary",5342,"O",144.921,-37.5915
"Primary",5343,"O",144.638,-37.9032
"Primary",5345,"O",145.243,-37.9339
"Primary",5346,"O",142.134,-34.1937
"Primary",5350,"O",145.279,-38.0336
"Primary",5352,"O",144.705,-37.5639
"Primary",5354,"O",144.542,-38.2614
"Primary",5363,"O",145.316,-38.0064
"Primary",5365,"O",144.659,-37.8781
"Primary",5367,"O",145.717,-36.6342
"Special",5368,"O",144.328,-38.1788
"Primary",5369,"O",144.423,-37.6559
"Primary",5370,"O",145.496,-38.0609
"Primary",5371,"O",145.283,-38.0796
"Primary",5372,"O",145.168,-38.23
"Pri/Sec",5375,"O",143.217,-37.9396
"Pri/Sec",5376,"O",142.81,-38.0864
"Primary",5377,"O",141.799,-37.8563
"Primary",5380,"O",144.32,-38.241
"Primary",5381,"O",142.523,-38.286
"Primary",5382,"O",141.717,-38.2527
"Primary",5383,"O",143.876,-37.573
"Primary",5384,"O",143.894,-37.5554
"Primary",5386,"O",142.427,-35.3439
"Primary",5389,"O",146.399,-37.9591
"Primary",5392,"O",147.012,-38.0235
"Primary",5393,"O",145.88,-38.2046
"Primary",5394,"O",145.95,-37.9215
"Primary",5395,"O",146.875,-38.054
"Primary",5396,"O",146.431,-38.6655
"Primary",5397,"O",146.412,-36.7656
"Primary",5398,"O",146.236,-36.6178
"Primary",5399,"O",146.545,-36.4353
"Primary",5401,"O",145.329,-36.0515
"Primary",5402,"O",142.358,-34.4739
"Pri/Sec",5403,"O",142.854,-35.5093
"Primary",5404,"O",144.257,-37.003
"Primary",5407,"O",143.479,-35.2325
"Primary",5410,"O",144.878,-37.7308
"Primary",5414,"O",144.595,-37.6067
"Primary",5416,"O",145.107,-37.8629
"Primary",5418,"O",145.133,-38.1253
"Primary",5419,"O",145.126,-37.8345
"Primary",5420,"O",146.015,-38.5793
"Primary",5421,"O",145.566,-38.176
"Primary",5422,"O",145.068,-37.9593
"Primary",5423,"O",145.546,-38.5603
"Primary",5425,"O",145.168,-37.8747
"Primary",5426,"O",145.247,-37.892
"Primary",5427,"O",145.173,-37.9283
"Primary",5428,"O",145.108,-37.8995
"Primary",5429,"O",145.255,-37.8614
"Primary",5430,"O",145.142,-37.868
"Primary",5431,"O",145.206,-37.8296
"Pri/Sec",5432,"O",141.299,-37.0334
"Pri/Sec",5433,"O",141.177,-35.2656
"Pri/Sec",5434,"O",142.319,-38.107
"Pri/Sec",5435,"O",145.189,-37.9425
"Primary",5436,"O",145.168,-37.8969
"Primary",5438,"O",145.101,-37.7215
"Primary",5439,"O",143.454,-35.2904
"Primary",5440,"O",143.684,-37.6435
"Primary",5441,"O",145.652,-37.7528
"Primary",5442,"O",146.703,-38.2942
"Primary",5443,"O",144.917,-37.6316
"Primary",5444,"O",144.395,-38.1652
"Primary",5450,"O",144.856,-37.7918
"Primary",5453,"O",144.944,-37.7012
"Primary",5454,"O",145.148,-37.7816
"Primary",5456,"O",143.343,-35.1861
"Primary",5463,"O",145.286,-38.0626
"Special",5464,"O",145.296,-38.1102
"Primary",5478,"O",145.238,-37.8238
"Pri/Sec",5479,"O",145.323,-38.0156
"Primary",5480,"O",144.744,-37.6992
"Primary",5482,"O",145.307,-38.065
"Primary",5485,"O",144.931,-37.6343
"Pri/Sec",5486,"O",144.743,-37.8852
"Primary",5488,"O",145.061,-38.2459
"Primary",5489,"O",145.02,-37.8881
"Special",5490,"O",147.599,-37.8287
"Primary",5493,"O",144.923,-37.6166
"Primary",5494,"O",145.249,-38.052
"Special",5495,"O",145.957,-38.4782
"Primary",5497,"O",145.126,-37.5861
"Primary",5498,"O",144.727,-37.8636
"Primary",5499,"O",144.754,-37.7351
"Pri/Sec",5501,"O",144.719,-37.8388
"Primary",5503,"O",145.347,-38.0674
"Primary",5504,"O",145.439,-38.068
"Primary",5507,"O",145.47,-38.0845
"Primary",5508,"O",144.76,-37.7167
"Primary",5510,"O",145.288,-38.0868
"Special",5511,"O",145.151,-37.8402
"Primary",5512,"O",144.763,-37.7893
"Primary",5513,"O",145.025,-37.6287
"Primary",5518,"O",145.305,-38.1062
"Pri/Sec",5520,"O",143.82,-37.5278
"Primary",5521,"O",145.254,-38.075
"Primary",5522,"O",144.906,-37.5823
"Primary",5523,"O",145.021,-37.7058
"Primary",5524,"O",144.929,-37.6876
"Primary",5526,"O",144.846,-37.7829
"Pri/Sec",5528,"O",144.741,-37.9083
"Primary",5530,"O",145.167,-37.8075
"Primary",5531,"O",144.257,-36.7706
"Primary",5532,"O",145.001,-37.6637
"Primary",5533,"O",145.18,-37.9923
"Primary",5534,"O",145.155,-37.9826
"Primary",5535,"O",145.206,-37.965
"Primary",5536,"O",145.15,-37.9711
"Primary",5537,"O",145.159,-37.9392
"Primary",5538,"O",145.14,-37.9588
"Primary",5539,"O",144.809,-37.718
"Primary",5540,"O",144.677,-37.8847
"Primary",5541,"O",144.269,-36.7368
"Primary",5542,"O",144.928,-37.7057
"Primary",5544,"O",145.003,-37.6967
"Primary",5546,"O",144.942,-37.6706
"Pri/Sec",5547,"O",148.701,-37.3315
"Primary",5548,"O",142.215,-36.7114
"Primary",5549,"O",144.611,-37.8959
"Special",5550,"O",145.411,-38.0708
"Primary",5551,"O",145.026,-37.6449
"Pri/Sec",5552,"O",145.123,-37.5982
"Primary",5554,"O",144.931,-37.6619
"Special",5555,"O",144.913,-37.6876
"Primary",5557,"O",144.542,-37.6664
"Primary",6201,"O",143.503,-38.2419
"Pri/Sec",6203,"O",143.661,-38.7535
"Primary",6207,"O",146.979,-37.8796
"Primary",6209,"O",145.651,-35.9251
"Primary",6211,"O",144.213,-35.8063
"Pri/Sec",6212,"O",144.99,-37.803
"Primary",6215,"O",142.34,-37.639
"Pri/Sec",6217,"O",144.141,-36.3722
"Primary",6221,"O",146.202,-38.6573
"Primary",6225,"O",141.613,-38.1275
"Primary",6229,"O",147.039,-36.251
"Pri/Sec",6231,"O",143.383,-38.6818
"Primary",6233,"O",144.537,-36.2658
"Pri/Sec",6235,"O",142.885,-35.0562
"Pri/Sec",6236,"O",142.921,-38.2463
"Primary",6237,"O",141.548,-37.7064
"Pri/Sec",6238,"O",145.014,-36.5833
"Pri/Sec",6242,"O",145.072,-37.7248
"Primary",6243,"O",145.465,-38.0654
"Primary",6245,"O",145.77,-38.3425
"Primary",6247,"O",142.228,-38.3866
"Primary",6249,"O",144.997,-38.3665
"Pri/Sec",6252,"O",145.349,-37.8682
"Primary",6255,"O",144.957,-36.2522
"Pri/Sec",6257,"O",141.594,-34.3904
"Pri/Sec",6259,"O",143.145,-38.2397
"Pri/Sec",6260,"O",142.976,-38.4841
"Pri/Sec",6261,"O",145.026,-37.762
"Pri/Sec",6262,"O",143.619,-36.417
"Secondary",7028,"O",145.146,-38.174
"Pri/Sec",7050,"O",145.112,-37.8092
"Secondary",7088,"O",143.064,-38.324
"Secondary",7108,"O",145.271,-38.075
"Secondary",7115,"O",144.152,-37.3347
"Secondary",7122,"O",145.014,-38.3426
"Secondary",7183,"O",144.327,-38.211
"Secondary",7198,"O",142.165,-34.2323
"Secondary",7205,"O",144.234,-36.7907
"Secondary",7217,"O",145.013,-37.6669
"Secondary",7219,"O",145.341,-37.7458
"Secondary",7247,"O",144.568,-37.7083
"Secondary",7250,"O",142.148,-34.1957
"Secondary",7255,"O",145.06,-37.9277
"Secondary",7267,"O",143.877,-37.6074
"Secondary",7275,"O",144.886,-37.7467
"Secondary",7300,"O",145.025,-37.7401
"Secondary",7331,"O",145.408,-36.3989
"Secondary",7366,"O",145.041,-37.8231
"Secondary",7384,"O",144.965,-37.8282
"Secondary",7395,"O",142.459,-38.3587
"Secondary",7402,"O",144.654,-37.889
"Secondary",7405,"O",144.298,-36.7389
"Secondary",7408,"O",145.12,-37.515
"Secondary",7505,"O",145.701,-37.1945
"Secondary",7526,"O",145.045,-37.8399
"Secondary",7540,"O",143.818,-37.5548
"Secondary",7550,"O",145.077,-37.7979
"Secondary",7560,"O",145.262,-37.839
"Secondary",7565,"O",143.382,-37.4388
"Secondary",7575,"O",146.691,-36.3472
"Secondary",7585,"O",144.331,-38.1756
"Secondary",7595,"O",144.28,-36.7551
"Secondary",7610,"O",145.15,-37.8104
"Secondary",7635,"O",145.138,-37.8206
"Secondary",7645,"O",144.848,-37.778
"Secondary",7647,"O",145.166,-37.8995
"Secondary",7650,"O",145.019,-37.9202
"Secondary",7655,"O",145.04,-37.2044
"Secondary",7670,"O",144.898,-37.7471
"Secondary",7680,"O",145.073,-37.8302
"Secondary",7690,"O",145.07,-37.8199
"Secondary",7695,"O",141.387,-37.5888
"Secondary",7720,"O",145.069,-37.9533
"Secondary",7725,"O",145.654,-35.9136
"Secondary",7735,"O",144.226,-35.8135
"Secondary",7747,"O",145.287,-38.1081
"Secondary",7757,"O",145.279,-37.7984
"Secondary",7763,"O",144.933,-37.7823
"Secondary",7770,"O",142.034,-36.4498
"Secondary",7773,"O",145.159,-37.7822
"Secondary",7775,"O",142.974,-36.3708
"Secondary",7776,"O",145.138,-37.7846
"Secondary",7785,"O",145.851,-38.1447
"Secondary",7790,"O",144.263,-36.7203
"Secondary",7805,"O",145.142,-37.7246
"Secondary",7810,"O",144.984,-37.882
"Secondary",7813,"O",145.033,-37.6443
"Secondary",7820,"O",145.565,-36.7582
"Secondary",7823,"O",145.259,-37.8727
"Secondary",7837,"O",144.299,-36.7762
"Secondary",7841,"O",144.895,-37.7991
"Secondary",7845,"O",146.197,-38.6517
"Secondary",7850,"O",145.128,-38.1606
"Secondary",7855,"O",144.374,-38.153
"Secondary",7856,"O",144.341,-38.1104
"Secondary",7857,"O",144.585,-37.4981
"Secondary",7858,"O",144.891,-37.6892
"Secondary",7874,"O",145.062,-37.7076
"Secondary",7893,"O",145.175,-38.308
"Secondary",7900,"O",145.532,-37.6436
"Secondary",7910,"O",141.62,-38.1293
"Secondary",7918,"O",145.177,-37.8662
"Secondary",7945,"O",143.914,-35.7257
"Secondary",7947,"O",144.926,-37.7879
"Secondary",7950,"O",145.062,-37.7947
"Secondary",7954,"O",145.116,-37.8037
"Secondary",7955,"O",145.496,-38.197
"Secondary",7960,"O",145.804,-38.4439
"Pri/Sec",7965,"O",145.056,-36.3175
"Secondary",7970,"O",144.458,-37.2513
"Secondary",7985,"O",145.031,-37.6727
"Secondary",7986,"O",145.035,-37.661
"Secondary",7995,"O",145.345,-37.7607
"Secondary",8000,"O",145.207,-37.9578
"Secondary",8003,"O",145.002,-37.8165
"Secondary",8005,"O",146.982,-37.9649
"Secondary",8010,"O",146.089,-37.0627
"Secondary",8015,"O",144.889,-37.7795
"Secondary",8022,"O",144.353,-38.1488
"Secondary",8025,"O",144.995,-37.8368
"Secondary",8027,"O",144.568,-37.6831
"Secondary",8030,"O",145.054,-37.9804
"Secondary",8045,"O",142.145,-34.198
"Secondary",8050,"O",146.149,-38.4002
"Secondary",8065,"O",145.428,-37.8832
"Secondary",8068,"O",145.114,-37.7141
"Secondary",8071,"O",145.314,-37.7751
"Secondary",8073,"O",145.352,-36.3818
"Secondary",8075,"O",145.092,-38.0123
"Secondary",8100,"O",147.167,-36.7403
"Secondary",8102,"O",145.094,-38.1901
"Secondary",8105,"O",145.132,-37.8688
"Secondary",8125,"O",145.049,-37.912
"Secondary",8135,"O",144.972,-37.8359
"Secondary",8140,"O",145.208,-36.0599
"Secondary",8145,"O",145.957,-38.0169
"Secondary",8151,"O",144.395,-38.1713
"Secondary",8180,"O",144.99,-37.7742
"Secondary",8185,"O",145.238,-37.8005
"Secondary",8190,"O",145.446,-36.0799
"Secondary",8210,"O",144.337,-38.1866
"Secondary",8215,"O",148.466,-37.7041
"Pri/Sec",8220,"O",142.323,-35.0646
"Secondary",8223,"O",145.471,-38.0691
"Secondary",8225,"O",145.094,-37.9896
"Secondary",8227,"O",144.935,-37.7177
"Secondary",8245,"O",144.965,-37.7835
"Secondary",8250,"O",144.557,-38.1911
"Pri/Sec",8256,"O",141.997,-35.8945
"Secondary",8260,"O",142.195,-34.2988
"Secondary",8270,"O",145.239,-37.8166
"Pri/Sec",8276,"O",142.782,-34.5889
"Secondary",8280,"O",144.699,-36.3528
"Secondary",8290,"O",144.887,-38.3676
"Secondary",8300,"O",146.452,-36.0626
"Secondary",8307,"O",145.236,-37.8886
"Secondary",8320,"O",145.415,-36.3721
"Secondary",8330,"O",144.807,-37.7453
"Secondary",8335,"O",143.251,-36.6096
"Secondary",8337,"O",145.034,-37.874
"Secondary",8345,"O",144.927,-37.7369
"Secondary",8350,"O",144.729,-37.5742
"Secondary",8368,"O",144.962,-37.7697
"Secondary",8370,"O",147.173,-36.2204
"Secondary",8383,"O",145.002,-37.6787
"Secondary",8395,"O",146.158,-38.2146
"Secondary",8405,"O",144.956,-37.797
"Secondary",8407,"O",144.929,-37.6306
"Secondary",8410,"O",145.624,-37.7921
"Secondary",8415,"O",145.335,-37.9034
"Secondary",8420,"O",145.2,-37.8429
"Secondary",8421,"O",145.347,-38.0537
"Secondary",8422,"O",145.392,-36.357
"Secondary",8423,"O",145.198,-38.0941
"Secondary",8425,"O",146.308,-36.3449
"Secondary",8428,"O",145.23,-37.8576
"Secondary",8430,"O",142.389,-36.2627
"Secondary",8437,"O",145.184,-37.7469
"Secondary",8462,"O",145.17,-37.9347
"Secondary",8465,"O",144.669,-37.9055
"Secondary",8466,"O",147.605,-37.8287
"Secondary",8470,"O",145.136,-37.9402
"Secondary",8474,"O",145.182,-37.9101
"Secondary",8475,"O",144.895,-37.8628
"Secondary",8480,"O",146.881,-36.1256
"Secondary",8490,"O",146.685,-38.5666
"Secondary",8500,"O",145.409,-37.215
"Secondary",8704,"O",145.038,-37.8857
"Secondary",8705,"O",144.936,-37.6086
"Secondary",8707,"O",145.459,-37.9243
"Secondary",8708,"O",145.03,-37.7223
"Secondary",8709,"O",145.259,-38.0349
"Secondary",8710,"O",144.695,-37.8712
"Secondary",8715,"O",144.812,-37.7162
"Secondary",8716,"O",146.433,-38.2288
"Secondary",8718,"O",144.586,-37.6732
"Secondary",8720,"O",147.998,-37.8713
"Secondary",8722,"O",145.19,-38.1593
"Secondary",8723,"O",144.705,-37.5839
"Secondary",8724,"O",145.164,-37.848
"Secondary",8725,"O",145.135,-38.0833
"Secondary",8730,"O",145.14,-37.6869
"Secondary",8731,"O",142.79,-37.062
"Secondary",8734,"O",145.237,-37.9239
"Secondary",8736,"O",145.592,-38.6076
"Secondary",8739,"O",145.023,-37.9567
"Secondary",8742,"O",144.987,-37.7849
"Secondary",8743,"O",145.103,-37.8641
"Secondary",8744,"O",145.19,-37.8069
"Secondary",8745,"O",145.961,-38.4787
"Secondary",8746,"O",145.168,-37.6724
"Language",8747,"O",145.148,-37.8479
"Language",8748,"O",144.985,-37.8078
"Language",8749,"O",145.178,-37.9712
"Secondary",8750,"O",145.09,-37.7087
"Secondary",8753,"O",142.922,-37.286
"Secondary",8775,"O",145.063,-37.6639
"Secondary",8777,"O",144.433,-37.6856
"Pri/Sec",8783,"O",144.675,-37.8581
"Secondary",8787,"O",144.794,-37.7067
"Secondary",8790,"O",144.828,-37.7902
"Secondary",8791,"O",144.981,-37.4184
"Secondary",8797,"O",145.025,-37.7565
"Secondary",8798,"O",141.595,-38.3588
"Secondary",8799,"O",144.772,-37.7196
"Pri/Sec",8800,"O",144.885,-37.8577
"Secondary",8801,"O",145.09,-37.9223
"Secondary",8802,"O",143.553,-35.3352
"Secondary",8803,"O",146.519,-38.1914
"Secondary",8804,"O",145.059,-38.2183
"Secondary",8806,"O",144.87,-37.7397
"Secondary",8807,"O",144.956,-37.771
"Secondary",8808,"O",145.163,-37.8781
"Secondary",8809,"O",145.148,-38.1267
"Secondary",8811,"O",142.5,-38.3767
"Secondary",8812,"O",145.087,-37.7412
"Secondary",8813,"O",145.182,-37.9702
"Pri/Sec",8814,"O",142.015,-37.7333
"Secondary",8815,"O",145.316,-37.7887
"Secondary",8816,"O",145.232,-37.8384
"Secondary",8818,"O",142.187,-36.7077
"Secondary",8819,"O",145.014,-37.8225
"Secondary",8820,"O",144.329,-38.1229
"Secondary",8821,"O",146.286,-38.1767
"Secondary",8823,"O",145.122,-37.7675
"Secondary",8824,"O",144.215,-37.0771
"Secondary",8827,"O",145.925,-38.1652
"Secondary",8828,"O",143.869,-37.5643
"Pri/Sec",8830,"O",143.36,-36.2703
"Pri/Sec",8831,"O",143.229,-36.0757
"Pri/Sec",8832,"O",142.91,-35.9844
"Pri/Sec",8833,"O",141.659,-36.3326
"Secondary",8834,"O",147.068,-38.1089
"Secondary",8835,"O",145.158,-38.1467
"Secondary",8836,"O",144.894,-37.7911
"Language",8838,"O",144.854,-37.791
"Pri/Sec",8839,"O",145.286,-38.0499
"Secondary",8841,"O",144.412,-38.0184
"Pri/Sec",8842,"O",141.245,-36.3827
"Pri/Sec",8843,"O",147.911,-36.1929
"Pri/Sec",8845,"O",143.723,-37.0422
"Pri/Sec",8846,"O",145.077,-37.6346
"Secondary",8847,"O",144.733,-37.8867
"Pri/Sec",8848,"O",144.602,-37.8742
"Secondary",8849,"O",144.976,-37.7412
"Pri/Sec",8851,"O",146.891,-36.1308
"Pri/Sec",8853,"O",144.923,-37.5803
"Secondary",8854,"O",144.68,-37.8334
"Secondary",8855,"O",144.732,-36.1324
"Secondary",8856,"O",145.129,-37.9142
"Pri/Sec",8857,"O",144.817,-37.8615
"Secondary",8858,"O",145.209,-37.9794
"Special",8859,"O",145.596,-38.6097
"Pri/Sec",8861,"O",144.773,-37.8562
"Secondary",8862,"O",144.915,-37.6804
"Secondary",8864,"O",143.59,-38.3515
"Secondary",8865,"O",145.337,-38.0385
"Secondary",8866,"O",144.701,-37.8938
"Secondary",8867,"O",145.159,-37.967
"Secondary",8868,"O",145.261,-38.0002
"Secondary",8869,"O",145.276,-37.9743
"Secondary",8870,"O",145.295,-38.0062
"Pri/Sec",8872,"O",141.827,-37.2406
"Pri/Sec",8873,"O",146.726,-36.5489
"Secondary",8874,"O",145.311,-38.0733
"Secondary",8875,"O",145.168,-38.2272
"Pri/Sec",8882,"O",143.727,-36.1102
"Pri/Sec",8883,"O",146.007,-36.0214
"Pri/Sec",8884,"O",145.141,-37.0298
"Pri/Sec",8886,"O",142.071,-34.1694
"Secondary",8889,"O",144.947,-37.8444
"Pri/Sec",8890,"O",145.06,-37.7291
"Secondary",8891,"O",144.786,-37.7403
"Pri/Sec",8892,"O",147.724,-37.2668
"Secondary",8893,"O",144.925,-37.7047
"Secondary",8894,"O",144.972,-37.7027
"Secondary",8895,"O",145.003,-37.6965
"Secondary",8898,"O",145.306,-38.1049
"Pri/Sec",8900,"O",143.833,-37.5866
"Pri/Sec",8901,"O",144.356,-38.0784
"Secondary",8903,"O",144.324,-38.3042
"Pri/Sec",8904,"O",142.366,-35.7349
"Pri/Sec",8905,"O",145.243,-37.9903
"Secondary",8907,"O",145.411,-38.0719
"Pri/Sec",8908,"O",144.737,-37.7464
"Pri/Sec",8909,"O",144.738,-37.7345
"Secondary",8910,"O",144.737,-37.7357
"Pri/Sec",8911,"O",144.739,-37.7112
"Secondary",8912,"O",145.261,-37.7951
"Pri/Sec",8913,"O",145.289,-37.8589
"Pri/Sec",8914,"O",144.681,-37.8365
"Pri/Sec",8915,"O",145.964,-36.5534
"Special",8916,"O",144.392,-37.1901
"Pri/Sec",1,"O",144.982,-37.8488
"Pri/Sec",5,"O",145.055,-37.8615
"Secondary",20,"O",145.067,-37.6902
"Secondary",25,"O",144.953,-37.806
"Secondary",26,"O",144.997,-37.8594
"Secondary",28,"O",143.832,-37.5597
"Primary",29,"O",143.847,-37.5644
"Primary",30,"O",143.874,-37.5617
"Secondary",33,"O",142.477,-38.371
"Secondary",35,"O",143.823,-37.5569
"Primary",60,"O",146.088,-37.0581
"Primary",77,"O",144.881,-37.84
"Primary",78,"O",144.901,-37.8635
"Pri/Sec",83,"O",145.039,-37.8111
"Pri/Sec",96,"O",145.005,-37.8774
"Primary",98,"O",144.946,-37.7933
"Primary",104,"O",146.322,-36.3562
"Secondary",106,"O",144.995,-37.8576
"Primary",107,"O",144.998,-37.859
"Secondary",111,"O",144.948,-37.301
"Primary",113,"O",144.932,-37.7847
"Secondary",130,"O",144.273,-36.7534
"Secondary",131,"O",143.736,-37.0535
"Primary",132,"O",143.737,-37.0518
"Primary",139,"O",147.586,-37.8414
"Primary",140,"O",143.838,-37.5781
"Primary",148,"O",145.034,-37.8265
"Pri/Sec",149,"O",145.052,-37.8618
"Primary",151,"O",144.997,-37.7746
"Primary",152,"O",145.004,-37.7448
"Primary",153,"O",146.404,-38.2394
"Primary",154,"O",146.535,-38.1952
"Primary",156,"O",145.408,-36.3747
"Pri/Sec",161,"O",145.141,-37.0199
"Primary",181,"O",142.985,-36.3736
"Primary",183,"O",147.062,-38.1107
"Primary",184,"O",144.948,-37.2994
"Primary",185,"O",144.229,-37.5999
"Primary",187,"O",144.091,-37.5807
"Primary",189,"O",144.053,-37.5323
"Primary",191,"O",144.732,-37.2788
"Primary",192,"O",143.892,-37.4285
"Primary",196,"O",142.094,-37.7662
"Primary",204,"O",144.245,-36.7942
"Primary",205,"O",145.974,-36.554
"Primary",212,"O",143.966,-37.5912
"Secondary",219,"O",144.34,-38.1495
"Primary",227,"O",143.247,-36.6171
"Secondary",236,"O",142.153,-34.1887
"Secondary",250,"O",144.997,-37.8967
"Primary",251,"O",144.998,-37.8979
"Primary",252,"O",145.071,-37.923
"Pri/Sec",259,"O",145.038,-37.8139
"Primary",262,"O",144.257,-36.7235
"Secondary",265,"O",143.87,-37.6115
"Pri/Sec",278,"O",143.834,-37.5597
"Primary",285,"O",144.221,-37.064
"Secondary",286,"O",144.459,-37.2529
"Primary",289,"O",144.53,-37.3578
"Primary",299,"O",143.351,-36.2718
"Primary",324,"O",145.224,-36.4398
"Primary",330,"O",144.986,-37.839
"Primary",336,"O",144.968,-37.7389
"Primary",338,"O",144.651,-37.9013
"Primary",353,"O",144.59,-37.4909
"Primary",355,"O",144.736,-37.58
"Primary",367,"O",146.607,-36.146
"Primary",368,"O",146.463,-36.0504
"Primary",379,"O",143.872,-36.5711
"Secondary",384,"O",145.975,-36.5528
"Pri/Sec",385,"O",145.08,-37.8152
"Primary",386,"O",145.475,-38.0694
"Pri/Sec",391,"O",145.025,-37.8523
"Primary",401,"O",146.009,-36.0107
"Pri/Sec",404,"O",145.031,-37.8139
"Primary",409,"O",142.29,-37.8775
"Secondary",411,"O",142.938,-37.2847
"Primary",413,"O",141.414,-37.586
"Primary",414,"O",144.435,-37.6723
"Primary",445,"O",142.369,-38.2999
"Pri/Sec",450,"O",144.399,-38.0688
"Pri/Sec",457,"O",145.036,-37.8102
"Secondary",467,"O",144.974,-37.8037
"Primary",468,"O",144.979,-37.8021
"Secondary",474,"O",145.358,-37.7508
"Primary",477,"O",144.907,-37.8012
"Primary",478,"O",144.89,-37.8137
"Primary",486,"O",142.204,-36.714
"Secondary",495,"O",143.577,-38.352
"Primary",496,"O",143.585,-38.3347
"Secondary",500,"O",145.066,-37.9841
"Secondary",501,"O",145.072,-38.2183
"Pri/Sec",509,"O",144.985,-37.8317
"Pri/Sec",510,"O",144.34,-38.1524
"Secondary",515,"O",145.408,-36.3747
"Secondary",518,"O",146.009,-36.0087
"Primary",524,"O",144.988,-37.7903
"Primary",525,"O",145.444,-36.0865
"Primary",539,"O",142.486,-38.3725
"Secondary",545,"O",141.606,-38.3452
"Secondary",548,"O",144.558,-38.1887
"Primary",549,"O",144.363,-38.1532
"Primary",550,"O",144.346,-38.1348
"Pri/Sec",554,"O",145.107,-37.8486
"Primary",566,"O",144.923,-37.7597
"Primary",567,"O",145.353,-37.7527
"Secondary",576,"O",145.144,-37.7115
"Primary",579,"O",144.986,-37.8005
"Primary",581,"O",142.39,-36.2541
"Primary",584,"O",144.726,-36.1343
"Primary",590,"O",145.037,-37.8082
"Primary",594,"O",142.939,-37.2855
"Secondary",595,"O",144.743,-36.1181
"Primary",599,"O",142.232,-38.3861
"Primary",603,"O",144.701,-36.3648
"Secondary",605,"O",144.943,-37.7929
"Primary",607,"O",141.593,-38.3595
"Secondary",625,"O",147.064,-38.1087
"Pri/Sec",646,"O",145.045,-36.3096
"Primary",653,"O",145.1,-37.8203
"Primary",661,"O",144.616,-36.493
"Primary",672,"O",146.683,-36.3601
"Primary",684,"O",141.695,-37.6054
"Secondary",690,"O",143.14,-38.235
"Primary",691,"O",143.139,-38.235
"Secondary",707,"O",144.914,-37.7572
"Primary",715,"O",144.151,-37.3372
"Primary",724,"O",142.051,-37.7411
"Primary",726,"O",144.284,-36.7546
"Pri/Sec",733,"O",145.056,-37.809
"Primary",753,"O",146.889,-36.117
"Primary",782,"O",142.787,-37.0593
"Pri/Sec",818,"O",144.992,-37.8596
"Primary",836,"O",145.07,-37.9836
"Primary",840,"O",142.91,-38.2398
"Primary",841,"O",145.912,-38.1586
"Primary",848,"O",144.278,-36.7694
"Pri/Sec",879,"O",144.997,-37.9061
"Primary",909,"O",145.067,-37.7576
"Secondary",914,"O",145.068,-37.7579
"Primary",915,"O",144.943,-37.7623
"Primary",923,"O",145.092,-38.008
"Primary",924,"O",143.86,-37.5459
"Pri/Sec",928,"O",143.831,-37.5392
"Primary",931,"O",144.978,-37.7763
"Primary",932,"O",145.047,-37.8869
"Primary",935,"O",145.221,-37.9907
"Primary",937,"O",145.009,-37.9515
"Primary",950,"O",145.603,-38.6009
"Primary",954,"O",144.911,-37.7738
"Primary",955,"O",143.918,-35.7254
"Pri/Sec",956,"O",145.032,-37.8577
"Primary",962,"O",144.968,-37.7586
"Pri/Sec",971,"O",142.024,-37.7372
"Primary",981,"O",143.903,-37.5616
"Primary",991,"O",145.954,-38.4789
"Primary",999,"O",145.822,-38.436
"Primary",1003,"O",144.895,-37.8502
"Pri/Sec",1004,"O",145.044,-37.7725
"Primary",1013,"O",145.516,-37.6587
"Primary",1015,"O",145.573,-38.073
"Pri/Sec",1021,"O",145.032,-37.8339
"Primary",1024,"O",145.053,-37.873
"Pri/Sec",1025,"O",145.008,-37.9286
"Primary",1033,"O",144.929,-37.7956
"Primary",1036,"O",144.655,-38.2687
"Primary",1041,"O",145.02,-37.7801
"Primary",1045,"O",145.031,-37.8581
"Primary",1058,"O",146.676,-38.5569
"Primary",1067,"O",144.311,-36.7249
"Primary",1070,"O",144.981,-37.8825
"Primary",1072,"O",144.462,-37.2505
"Pri/Sec",1080,"O",145.257,-37.8155
"Primary",1084,"O",143.546,-35.3285
"Pri/Sec",1086,"O",145.093,-38.1723
"Primary",1097,"O",145.192,-38.3034
"Primary",1099,"O",143.519,-38.2706
"Primary",1101,"O",144.836,-37.7895
"Primary",1108,"O",145.002,-37.7568
"Primary",1109,"O",142.446,-38.3515
"Pri/Sec",1116,"O",145.021,-37.8383
"Pri/Sec",1117,"O",144.915,-37.7599
"Secondary",1122,"O",142.208,-36.7173
"Primary",1130,"O",145.026,-37.8735
"Primary",1134,"O",144.994,-37.9201
"Primary",1136,"O",145.57,-36.7534
"Pri/Sec",1144,"O",144.87,-37.7322
"Primary",1146,"O",144.885,-37.7958
"Primary",1152,"O",145.654,-35.9171
"Pri/Sec",1163,"O",145.011,-37.8779
"Primary",1164,"O",145.039,-37.7719
"Primary",1173,"O",145.154,-36.7816
"Primary",1176,"O",145.009,-37.8525
"Primary",1177,"O",148.456,-37.7092
"Pri/Sec",1183,"O",145.068,-37.9877
"Pri/Sec",1187,"O",145.047,-37.7653
"Primary",1188,"O",146.727,-36.5536
"Pri/Sec",1189,"O",145.048,-37.8148
"Pri/Sec",1190,"O",145.041,-37.8995
"Pri/Sec",1191,"O",145.146,-37.996
"Primary",1193,"O",144.91,-37.7511
"Primary",1196,"O",145.425,-37.2146
"Primary",1206,"O",145.063,-37.8111
"Pri/Sec",1209,"O",145.08,-37.8292
"Primary",1212,"O",145.039,-37.9044
"Pri/Sec",1213,"O",145.063,-37.9894
"Primary",1217,"O",145.119,-38.0554
"Pri/Sec",1218,"O",147.065,-38.0937
"Primary",1221,"O",145.017,-37.9163
"Pri/Sec",1226,"O",145.015,-37.8482
"Primary",1229,"O",145.084,-37.8389
"Primary",1231,"O",145.001,-37.933
"Primary",1252,"O",144.701,-36.9177
"Primary",1253,"O",144.219,-35.8082
"Pri/Sec",1258,"O",145.066,-37.8161
"Primary",1260,"O",145.203,-38.3615
"Pri/Sec",1262,"O",144.994,-37.9111
"Primary",1265,"O",144.952,-37.7498
"Pri/Sec",1267,"O",145.136,-37.8767
"Primary",1272,"O",145.131,-37.8185
"Primary",1273,"O",144.828,-37.8667
"Primary",1275,"O",145.148,-37.7161
"Primary",1277,"O",142.053,-34.1669
"Primary",1280,"O",145.126,-38.1488
"Secondary",1287,"O",145.13,-37.8184
"Primary",1289,"O",145.005,-37.718
"Primary",1291,"O",145.041,-37.9228
"Primary",1292,"O",145.023,-37.9759
"Secondary",1299,"O",144.739,-37.5726
"Primary",1301,"O",147.078,-37.9673
"Pri/Sec",1304,"O",145.119,-37.8328
"Primary",1309,"O",146.152,-38.2072
"Primary",1310,"O",145.065,-37.9018
"Primary",1311,"O",145.052,-37.8574
"Primary",1312,"O",145.07,-37.8843
"Pri/Sec",1316,"O",145.347,-38.0354
"Pri/Sec",1322,"O",145.06,-37.8182
"Primary",1328,"O",145.05,-37.7954
"Primary",1342,"O",145.232,-37.8164
"Primary",1343,"O",145.127,-37.716
"Primary",1347,"O",144.742,-38.3405
"Primary",1354,"O",145.065,-37.8501
"Primary",1368,"O",145.005,-37.8825
"Primary",1373,"O",142.188,-34.3023
"Pri/Sec",1377,"O",145.052,-37.8159
"Primary",1383,"O",145.028,-37.6505
"Secondary",1386,"O",145.002,-37.7704
"Primary",1393,"O",145.087,-37.9018
"Primary",1398,"O",144.964,-37.7163
"Primary",1406,"O",145.295,-37.8874
"Primary",1407,"O",145.19,-37.8174
"Primary",1408,"O",145.354,-36.396
"Primary",1412,"O",144.993,-37.7341
"Pri/Sec",1415,"O",145.025,-37.8354
"Primary",1416,"O",145.485,-38.1975
"Primary",1422,"O",144.924,-37.7421
"Secondary",1425,"O",144.332,-38.1502
"Primary",1429,"O",145.15,-37.9532
"Secondary",1431,"O",145.068,-37.9912
"Primary",1438,"O",145.019,-37.7303
"Secondary",1445,"O",145.083,-37.8337
"Primary",1459,"O",144.973,-37.7474
"Primary",1461,"O",145.097,-37.8495
"Primary",1465,"O",144.942,-37.7309
"Primary",1466,"O",144.873,-37.8085
"Primary",1470,"O",144.343,-38.1564
"Secondary",1471,"O",144.883,-37.7494
"Secondary",1473,"O",145.2,-37.7918
"Primary",1477,"O",145.082,-37.8641
"Primary",1480,"O",143.989,-37.5004
"Secondary",1481,"O",145.04,-37.9257
"Primary",1482,"O",145.071,-37.7935
"Secondary",1485,"O",145.1,-37.8827
"Primary",1488,"O",141.643,-36.3354
"Primary",1489,"O",144.374,-38.1646
"Pri/Sec",1490,"O",145.118,-37.8472
"Primary",1493,"O",146.254,-38.1794
"Secondary",1495,"O",145.083,-37.7748
"Secondary",1497,"O",145.915,-38.159
"Pri/Sec",1498,"O",142.159,-34.2226
"Primary",1499,"O",144.82,-37.7822
"Primary",1500,"O",145.034,-37.7631
"Primary",1501,"O",142.802,-38.0799
"Primary",1503,"O",145.032,-37.9461
"Primary",1505,"O",145.06,-37.9655
"Primary",1508,"O",145.17,-37.8219
"Primary",1509,"O",145.273,-37.7975
"Primary",1510,"O",141.3,-37.034
"Pri/Sec",1511,"O",145.317,-38.0502
"Primary",1512,"O",145.713,-37.1913
"Primary",1513,"O",144.905,-37.7566
"Pri/Sec",1515,"O",145.008,-37.8839
"Primary",1516,"O",145.016,-37.7608
"Special",1519,"O",145.023,-37.9383
"Primary",1521,"O",144.8,-37.7377
"Primary",1522,"O",145.157,-37.8232
"Primary",1523,"O",145.011,-36.5878
"Primary",1524,"O",146.784,-37.9808
"Primary",1525,"O",144.359,-38.0902
"Primary",1526,"O",145.046,-37.7469
"Primary",1527,"O",144.878,-37.8291
"Secondary",1528,"O",142.049,-37.742
"Primary",1529,"O",145.101,-37.8798
"Primary",1530,"O",145.172,-37.9717
"Primary",1531,"O",145.122,-37.9231
"Primary",1532,"O",142.362,-35.7239
"Pri/Sec",1533,"O",145.0,-37.8681
"Primary",1534,"O",144.889,-37.7437
"Primary",1537,"O",144.338,-38.1111
"Primary",1538,"O",144.33,-38.1358
"Primary",1539,"O",145.093,-37.7029
"Primary",1541,"O",144.801,-37.7794
"Primary",1542,"O",144.769,-37.7685
"Primary",1543,"O",144.862,-37.7876
"Primary",1545,"O",144.923,-37.7039
"Secondary",1547,"O",145.152,-37.9591
"Primary",1549,"O",144.808,-37.7875
"Primary",1550,"O",144.112,-36.0549
"Secondary",1551,"O",144.33,-38.1301
"Primary",1554,"O",145.041,-37.982
"Primary",1555,"O",144.298,-36.7669
"Primary",1556,"O",144.835,-37.7712
"Primary",1557,"O",143.84,-37.6035
"Special",1559,"O",145.027,-37.823
"Primary",1560,"O",142.152,-34.1873
"Pri/Sec",1561,"O",145.001,-37.8693
"Primary",1563,"O",144.891,-37.7669
"Primary",1564,"O",146.292,-38.1847
"Primary",1565,"O",145.13,-37.8743
"Primary",1566,"O",145.206,-37.9713
"Primary",1568,"O",145.411,-36.3925
"Primary",1569,"O",145.111,-37.8301
"Primary",1570,"O",145.052,-37.9382
"Secondary",1571,"O",145.086,-37.9022
"Primary",1575,"O",146.415,-38.2306
"Primary",1577,"O",142.038,-36.4571
"Primary",1578,"O",142.851,-35.5018
"Primary",1579,"O",145.617,-37.7922
"Primary",1580,"O",145.019,-37.7116
"Primary",1581,"O",148.012,-37.871
"Primary",1582,"O",145.077,-37.7352
"Primary",1583,"O",147.173,-36.2162
"Primary",1584,"O",145.106,-37.8962
"Primary",1585,"O",144.897,-37.7564
"Secondary",1588,"O",145.226,-37.9902
"Secondary",1589,"O",147.588,-37.8371
"Pri/Sec",1590,"O",142.779,-34.5847
"Primary",1591,"O",146.321,-36.3722
"Secondary",1592,"O",145.174,-37.8478
"Primary",1593,"O",144.924,-37.6851
"Primary",1594,"O",144.954,-36.2527
"Primary",1595,"O",145.103,-37.7959
"Primary",1596,"O",145.164,-37.8868
"Primary",1598,"O",145.126,-37.8517
"Primary",1600,"O",145.15,-37.8711
"Primary",1602,"O",145.092,-37.9905
"Primary",1604,"O",145.153,-37.7906
"Secondary",1605,"O",145.209,-36.0577
"Primary",1607,"O",145.239,-37.9905
"Secondary",1608,"O",145.235,-37.8231
"Pri/Sec",1609,"O",145.007,-37.8929
"Pri/Sec",1610,"O",145.091,-38.1982
"Primary",1612,"O",144.968,-37.6982
"Primary",1613,"O",145.16,-37.9327
"Primary",1615,"O",145.019,-37.6724
"Primary",1616,"O",144.921,-37.7188
"Primary",1617,"O",144.347,-38.1473
"Primary",1618,"O",145.353,-37.9084
"Primary",1619,"O",142.466,-38.3649
"Primary",1620,"O",144.88,-37.725
"Primary",1622,"O",143.579,-38.3532
"Primary",1623,"O",145.159,-37.6721
"Primary",1624,"O",145.354,-38.0338
"Secondary",1625,"O",144.898,-37.7566
"Pri/Sec",1626,"O",145.043,-37.8423
"Primary",1627,"O",145.036,-37.7153
"Primary",1628,"O",145.147,-37.8355
"Primary",1629,"O",146.306,-36.3466
"Primary",1632,"O",142.474,-36.6227
"Secondary",1633,"O",145.273,-37.783
"Secondary",1634,"O",144.806,-37.7877
"Secondary",1635,"O",144.812,-37.8639
"Primary",1637,"O",145.059,-37.7738
"Primary",1638,"O",143.826,-37.5254
"Primary",1640,"O",145.09,-37.7673
"Primary",1641,"O",145.275,-37.8627
"Pri/Sec",1642,"O",147.899,-36.1984
"Secondary",1644,"O",145.359,-37.9106
"Primary",1645,"O",145.266,-37.849
"Secondary",1646,"O",145.295,-37.8905
"Special",1647,"O",145.027,-37.8062
"Primary",1648,"O",144.848,-37.821
"Primary",1649,"O",145.102,-38.0181
"Primary",1650,"O",144.945,-37.7073
"Secondary",1651,"O",145.133,-37.8747
"Primary",1652,"O",145.167,-37.8076
"Primary",1653,"O",144.932,-37.6657
"Secondary",1654,"O",144.842,-37.8316
"Primary",1655,"O",145.318,-37.7879
"Primary",1656,"O",145.057,-37.6985
"Secondary",1657,"O",145.03,-37.6507
"Pri/Sec",1658,"O",145.258,-37.7837
"Primary",1659,"O",144.392,-38.1666
"Secondary",1661,"O",144.965,-37.7304
"Primary",1663,"O",145.184,-37.8404
"Primary",1664,"O",146.972,-37.9635
"Primary",1665,"O",145.07,-38.2232
"Primary",1667,"O",145.148,-38.1458
"Special",1669,"O",145.243,-37.8779
"Secondary",1670,"O",145.139,-38.1356
"Primary",1671,"O",145.141,-38.1066
"Secondary",1673,"O",145.166,-37.9152
"Primary",1674,"O",144.862,-37.7585
"Primary",1678,"O",145.122,-37.7806
"Pri/Sec",1679,"O",145.278,-37.9709
"Primary",1680,"O",145.123,-37.7613
"Primary",1681,"O",145.21,-37.8368
"Primary",1682,"O",145.166,-37.9081
"Secondary",1684,"O",144.665,-37.9095
"Secondary",1685,"O",145.071,-37.9265
"Primary",1689,"O",147.083,-38.0994
"Primary",1690,"O",144.852,-37.8392
"Primary",1692,"O",144.859,-37.7442
"Primary",1693,"O",142.52,-38.3853
"Secondary",1694,"O",146.725,-36.5533
"Primary",1696,"O",144.777,-37.8538
"Primary",1697,"O",145.226,-37.8898
"Primary",1699,"O",146.873,-36.1268
"Pri/Sec",1701,"O",145.367,-37.7988
"Pri/Sec",1706,"O",145.249,-37.7772
"Primary",1709,"O",144.273,-36.7442
"Primary",1710,"O",145.13,-37.9867
"Special",1711,"O",145.06,-37.8759
"Secondary",1712,"O",145.169,-37.8226
"Pri/Sec",1714,"O",145.192,-37.7004
"Primary",1715,"O",144.811,-37.7564
"Primary",1719,"O",142.156,-34.2046
"Primary",1721,"O",145.213,-37.6294
"Primary",1722,"O",144.69,-37.8746
"Pri/Sec",1724,"O",145.193,-37.774
"Special",1728,"O",145.132,-37.8039
"Primary",1729,"O",145.001,-37.8823
"Primary",1733,"O",145.039,-37.6784
"Pri/Sec",1734,"O",144.576,-37.3638
"Primary",1735,"O",144.889,-37.693
"Primary",1736,"O",145.279,-38.1116
"Primary",1737,"O",145.163,-37.9899
"Primary",1739,"O",144.585,-37.6809
"Primary",1741,"O",144.358,-38.072
"Pri/Sec",1742,"O",144.763,-37.7246
"Special",1743,"O",145.158,-37.9028
"Secondary",1744,"O",146.311,-36.3387
"Primary",1747,"O",145.237,-37.7932
"Primary",1750,"O",146.416,-38.3164
"Primary",1751,"O",145.175,-37.8623
"Primary",1752,"O",144.998,-37.6777
"Primary",1754,"O",141.662,-36.3277
"Primary",1758,"O",144.717,-37.5684
"Primary",1759,"O",145.177,-37.7744
"Primary",1760,"O",145.191,-38.1553
"Primary",1761,"O",144.82,-37.7337
"Primary",1762,"O",145.199,-37.9463
"Primary",1763,"O",144.993,-37.7022
"Primary",1764,"O",144.775,-37.7363
"Secondary",1765,"O",144.799,-37.7389
"Secondary",1766,"O",145.373,-38.052
"Pri/Sec",1767,"O",142.218,-36.7082
"Primary",1770,"O",145.137,-37.6841
"Pri/Sec",1771,"O",145.215,-37.8801
"Pri/Sec",1773,"O",145.01,-37.8582
"Pri/Sec",1775,"O",144.725,-37.8508
"Primary",1778,"O",144.33,-38.2025
"Primary",1779,"O",144.821,-37.7106
"Primary",1780,"O",144.573,-37.7097
"Primary",1781,"O",145.119,-37.6822
"Primary",1782,"O",145.235,-37.8534
"Primary",1784,"O",144.82,-37.8003
"Pri/Sec",1787,"O",145.055,-37.695
"Pri/Sec",1788,"O",144.999,-37.7472
"Pri/Sec",1958,"O",144.936,-37.6847
"Primary",1789,"O",145.269,-37.7827
"Pri/Sec",1792,"O",145.304,-37.7629
"Pri/Sec",1793,"O",144.205,-37.0885
"Pri/Sec",1794,"O",144.318,-38.0972
"Pri/Sec",1795,"O",145.453,-37.8567
"Secondary",1800,"O",146.862,-36.1296
"Secondary",1801,"O",144.85,-37.7859
"Primary",1803,"O",143.8,-37.5535
"Primary",1804,"O",145.396,-37.7905
"Primary",1805,"O",145.219,-37.7733
"Primary",1806,"O",146.511,-38.1876
"Primary",1807,"O",144.931,-37.5986
"Primary",1808,"O",145.146,-38.1721
"Primary",1809,"O",145.059,-37.665
"Secondary",1810,"O",145.081,-37.7034
"Secondary",1811,"O",144.55,-37.6772
"Pri/Sec",1812,"O",145.354,-38.5103
"Primary",1813,"O",141.59,-38.3568
"Pri/Sec",1814,"O",144.313,-38.1852
"Pri/Sec",1816,"O",145.339,-37.7878
"Primary",1819,"O",144.98,-37.7892
"Primary",1820,"O",145.258,-37.9805
"Primary",1821,"O",145.107,-37.9349
"Primary",1822,"O",145.101,-38.1977
"Primary",1823,"O",145.208,-36.0586
"Pri/Sec",1824,"O",144.272,-36.7655
"Pri/Sec",1825,"O",142.041,-37.7708
"Pri/Sec",1826,"O",145.139,-37.6135
"Primary",1829,"O",144.687,-37.8573
"Primary",1830,"O",145.245,-37.9257
"Primary",1831,"O",144.792,-37.8751
"Primary",1832,"O",145.315,-38.026
"Primary",1833,"O",144.54,-38.2608
"Secondary",1834,"O",144.771,-37.6991
"Secondary",1835,"O",144.805,-37.6999
"Primary",1836,"O",145.294,-37.7637
"Pri/Sec",1837,"O",145.163,-38.1786
"Special",1838,"O",145.036,-37.8055
"Pri/Sec",1839,"O",142.129,-34.2016
"Pri/Sec",1840,"O",145.416,-36.3275
"Pri/Sec",1841,"O",145.219,-37.8655
"Pri/Sec",1846,"O",144.681,-37.8813
"Pri/Sec",1848,"O",145.364,-38.0847
"Pri/Sec",1849,"O",145.93,-38.1478
"Primary",1850,"O",144.836,-37.7684
"Special",1852,"O",145.109,-37.8668
"Pri/Sec",1855,"O",145.467,-38.0619
"Primary",1856,"O",145.319,-37.8291
"Primary",1857,"O",145.311,-37.8539
"Primary",1858,"O",145.003,-37.6656
"Primary",1859,"O",144.391,-38.0152
"Primary",1860,"O",145.115,-37.5091
"Primary",1861,"O",145.153,-37.7674
"Pri/Sec",1862,"O",144.732,-36.1448
"Pri/Sec",1864,"O",145.346,-37.9189
"Pri/Sec",1866,"O",145.083,-37.8959
"Special",1868,"O",145.509,-37.6845
"Pri/Sec",1869,"O",143.913,-35.7304
"Pri/Sec",1871,"O",145.245,-37.8739
"Pri/Sec",1872,"O",145.877,-38.1428
"Pri/Sec",1874,"O",144.966,-37.7363
"Pri/Sec",1876,"O",145.168,-38.2621
"Primary",1877,"O",144.804,-37.7146
"Primary",1878,"O",144.55,-37.6788
"Primary",1879,"O",145.412,-37.868
"Primary",1881,"O",144.898,-38.3713
"Primary",1882,"O",145.191,-37.9178
"Pri/Sec",1886,"O",146.887,-36.1572
"Primary",1891,"O",145.322,-37.8066
"Primary",1893,"O",145.243,-37.8775
"Pri/Sec",1894,"O",144.56,-37.7003
"Pri/Sec",1895,"O",146.086,-37.0614
"Primary",1897,"O",145.263,-37.9675
"Primary",1898,"O",144.663,-37.91
"Secondary",1899,"O",145.195,-37.9402
"Primary",1901,"O",144.312,-38.3211
"Pri/Sec",1902,"O",145.019,-37.8924
"Secondary",1903,"O",145.964,-38.4667
"Pri/Sec",1904,"O",142.506,-38.3621
"Pri/Sec",1905,"O",145.005,-37.8037
"Pri/Sec",1906,"O",144.722,-37.8526
"Pri/Sec",1908,"O",144.823,-37.7066
"Primary",1909,"O",145.178,-38.1034
"Primary",1910,"O",145.135,-37.6984
"Primary",1911,"O",144.889,-37.6536
"Pri/Sec",1914,"O",145.631,-37.7944
"Secondary",1917,"O",143.557,-35.3419
"Primary",1918,"O",145.267,-38.0393
"Pri/Sec",1919,"O",144.432,-37.6903
"Secondary",1920,"O",145.257,-38.1084
"Pri/Sec",1923,"O",145.143,-38.0012
"Pri/Sec",1924,"O",145.036,-37.7804
"Primary",1926,"O",145.267,-38.0773
"Primary",1929,"O",145.862,-38.1324
"Primary",1930,"O",145.325,-37.7646
"Primary",1931,"O",143.817,-37.5802
"Pri/Sec",1932,"O",144.157,-37.0819
"Pri/Sec",1933,"O",144.953,-37.301
"Pri/Sec",1934,"O",144.931,-37.6558
"Special",1935,"O",146.086,-37.0608
"Pri/Sec",1936,"O",145.149,-37.939
"Pri/Sec",1937,"O",146.845,-36.1167
"Primary",1938,"O",143.546,-35.3776
"Pri/Sec",1939,"O",144.271,-36.762
"Primary",1940,"O",144.361,-36.8045
"Primary",1941,"O",144.955,-37.8362
"Pri/Sec",1942,"O",145.293,-38.1103
"Primary",1943,"O",145.168,-38.2337
"Primary",1944,"O",145.311,-37.9958
"Primary",1945,"O",144.659,-37.8756
"Pri/Sec",1946,"O",144.313,-36.7826
"Pri/Sec",1947,"O",144.93,-37.6686
"Secondary",1949,"O",144.918,-37.6879
"Pri/Sec",1950,"O",144.574,-38.171
"Primary",1951,"O",144.934,-37.6234
"Primary",1952,"O",145.031,-37.8271
"Pri/Sec",1953,"O",144.328,-38.1099
"Primary",1955,"O",144.598,-37.4559
"Primary",1956,"O",145.337,-38.0698
"Pri/Sec",1957,"O",144.667,-37.8553
"Primary",1959,"O",144.772,-37.7003
"Primary",1960,"O",144.706,-37.5191
"Primary",1961,"O",145.019,-37.7044
"Secondary",1962,"O",144.702,-37.8477
"Primary",1963,"O",144.556,-38.188
"Pri/Sec",1964,"O",145.416,-36.3539
"Pri/Sec",1965,"O",144.972,-37.7052
"Pri/Sec",1966,"O",145.624,-38.0832
"Primary",1969,"O",147.578,-37.8412
"Pri/Sec",1972,"O",145.036,-37.734
"Primary",1973,"O",144.325,-38.1855
"Primary",1975,"O",145.388,-37.9598
"Pri/Sec",1978,"O",144.891,-37.6277
"Secondary",1981,"O",145.045,-37.8432
"Primary",1984,"O",143.862,-37.6408
"Secondary",1985,"O",144.304,-38.1877
"Primary",1987,"O",144.737,-37.7477
"Primary",1988,"O",144.28,-38.2633
"Primary",1989,"O",144.6,-37.4534
"Pri/Sec",1990,"O",145.175,-38.014
"Primary",1991,"O",144.753,-37.8926
"Primary",1993,"O",145.298,-38.0554
"Primary",1996,"O",145.716,-38.0933
"Secondary",1997,"O",144.967,-37.8014
"Pri/Sec",1998,"O",145.139,-37.6432
"Special",1999,"O",144.998,-37.8376
"Pri/Sec",2000,"O",144.33,-38.0671
"Secondary",2001,"O",146.514,-38.2009
"Pri/Sec",2003,"O",142.145,-34.2474
"Pri/Sec",2009,"O",145.145,-37.9955
"Pri/Sec",2010,"O",144.943,-37.7412
"Secondary",2016,"O",144.969,-37.8107
"Special",2018,"O",145.19,-37.9815
"Pri/Sec",2019,"O",144.983,-37.8732
"Primary",2021,"O",144.747,-37.6879
"Secondary",2024,"O",144.972,-37.8103
"Primary",2028,"O",145.412,-36.3243
"Primary",2029,"O",146.94,-36.1739
"Secondary",2031,"O",146.889,-36.118
"Pri/Sec",2032,"O",145.091,-37.6433
"Primary",2033,"O",144.729,-37.8908
"Pri/Sec",2035,"O",145.456,-38.0649
"Primary",2036,"O",145.008,-37.8158
"Special",2037,"O",144.286,-36.7555
"Primary",2042,"O",146.694,-36.3667
"Pri/Sec",2043,"O",145.033,-38.2733
"Secondary",2044,"O",144.74,-37.7289
"Pri/Sec",2045,"O",143.844,-37.5929
"Primary",2047,"O",144.983,-37.7788
"Primary",2048,"O",143.872,-37.6126
"Special",2049,"O",145.984,-36.5477
"Secondary",2051,"O",144.909,-37.6153
"Pri/Sec",2052,"O",144.931,-37.568
"Pri/Sec",2054,"O",145.307,-38.14
"Primary",2055,"O",144.933,-37.5752
"Pri/Sec",2056,"O",144.337,-38.2305
"Primary",2057,"O",144.606,-37.8759
"Primary",2058,"O",144.136,-37.3396
"Primary",2059,"O",144.737,-37.7135
"Primary",2060,"O",145.091,-37.5957
"Pri/Sec",2061,"O",145.038,-37.6243
"Secondary",2062,"O",145.926,-38.1782
"Special",2063,"O",146.309,-36.3378
"Pri/Sec",2064,"O",145.175,-38.1926
"Secondary",2065,"O",145.412,-36.3841
"Primary",2067,"O",145.406,-38.0546
"Primary",2068,"O",145.252,-38.059
"Primary",2069,"O",144.761,-37.7907
"Primary",2071,"O",145.322,-37.8595
"Pri/Sec",2072,"O",144.977,-37.8336
"Pri/Sec",2073,"O",144.66,-37.8542
"Pri/Sec",2074,"O",144.74,-37.714
"Special",2075,"O",144.387,-38.1743
"Pri/Sec",2076,"O",145.149,-38.0492
"Pri/Sec",2077,"O",145.026,-37.8882
"Primary",2078,"O",144.698,-37.8483
"Special",2079,"O",144.955,-37.8038
"Pri/Sec",2080,"O",144.929,-37.6978
"Pri/Sec",2081,"O",146.33,-36.3859
"Primary",2082,"O",145.944,-38.5479
"Primary",2083,"O",145.035,-37.9036
"Primary",2084,"O",147.608,-37.8211
"Special",2085,"O",145.337,-38.0393
"Primary",2086,"O",145.999,-36.5475
"Primary",2087,"O",145.013,-37.626
"Primary",2089,"O",144.766,-37.9088
"Primary",2090,"O",145.32,-38.1144
"Special",2091,"O",145.614,-37.7814
"Primary",2092,"O",146.946,-36.1705
"Primary",2093,"O",144.666,-37.8334
"Primary",2094,"O",144.728,-37.8438
"Primary",2095,"O",145.433,-38.0628
"Primary",2096,"O",145.115,-37.5969
"Pri/Sec",2097,"O",145.66,-35.9243
"Secondary",2098,"O",144.222,-36.7317
"Pri/Sec",2099,"O",145.111,-37.9578
"Secondary",2100,"O",144.989,-37.8195
"Pri/Sec",2101,"O",144.533,-37.4457
"Primary",2102,"O",145.149,-37.9669
"Pri/Sec",2103,"O",144.565,-37.7071
"Pri/Sec",2104,"O",145.351,-37.7853
"Special",2105,"O",145.031,-37.8022
"Primary",2106,"O",145.359,-37.9106
"Primary",2107,"O",144.905,-37.8632
"Primary",2108,"O",145.201,-38.5078
